,DAILY REPORT OF HYDRO RESERVOIRS FOR,02-Oct-2008,1
,FULL,PRESENT,RESERVIOR,MIN. DRAW,ANNUAL,ENERGY ENERGY,EFF.,EFF. CAP,CUMMULATIVE
,RESERVOIR,RESERVOIR,LEVEL ON,DOWN,DESIGN,CONTENT CONTENT,CAP.,AT,ENERGY
,RESERVOIR,STATE,LEVEL,LEVEL,THE SAME,LEVEL,POTEN-,AT,AT,AT,PRESENT,GEN. FROM
,DAY LAST,TIAL,F.R.L. PRESENT,F.R.L.,LEVEL,1ST. OF
,YEAR,LEVEL,THE MONTH

,M,FT,M,FT,M,FT,M,FT,MU,MU,MU,MCM,MAFT,MCM,MAFT

BHAKRA,PUNJAB,513.59,1685.01,511.85,1679.29,505.09,1657.12,445.62,1462.01,5282.00,1728.80,1634.40,6516.07,5.28,6204.30,5.03,2972.25


PONG,PUNJAB,426.72,1400.00,423.56,1389.64,413.78,1357.55,384.05,1260.01,1123.00,1084.00,7246.99,6946.00,5.63,6139.84,4.98,512.85


RANJIT SAGAR,PUNJAB,527.91,1731.99,514.34,1687.47,511.48,1678.08,487.91,1600.75,1507.00,390.30,262.39,7199.17,5.84,1218.74,0.99,1047.30


R.P. SAGAR,RAJASTHAN,352.81,1157.51,352.68,1157.09,350.98,1151.51,343.81,1127.99,459.00,175.66,169.76,1568.98,1.27,1547.74,1.25,84.70


RIHAND,UTTAR PRADESH,268.22,879.99,262.01,859.60,259.17,850.30,252.98,829.99,920.00,860.50,419.20,5845.50,4.74,3096.82,2.51,204.18


RAM GANGA,UTTARAKHAND,366.00,1200.79,355.83,1167.42,358.19,1175.16,323.00,1059.71,164.00,480.80,301.47,2109.25,1.71,1433.03,1.16,114.88


TEHRI,UTTARAKHAND,829.79,2722.41,819.20,2687.66,815.75,2676.35,740.04,2427.95,309.00,1291.49,1044.71,2615.00,2.12,2195.49,1.78,1970.07


SARDAR SAROVAR,GUJARAT,138.68,454.99,120.86,396.52,121.25,397.80,110.84,363.65,5469.00,1817.55,364.29,5760.00,4.67,1373.87,1.11,1263.76


UKAI,GUJARAT,105.16,345.01,102.11,335.01,104.73,343.60,82.30,270.01,1080.00,813.08,597.85,6619.15,5.37,5315.10,4.31,228.76


GANDHI SAGAR,MADHYA PRADESH,399.90,1312.01,387.21,1270.36,396.42,1300.59,381.00,1250.00,420.48,725.00,110.52,6911.19,5.60,1264.56,1.03,49.44


INDIRA SAGAR,MADHYA PRADESH,262.14,860.04,255.32,837.66,258.11,846.82,243.24,798.03,2628.00,1316.12,592.44,9706.00,7.87,4494.63,3.64,723.46


BHIRA,MAHARASHTRA,606.03,1988.29,606.02,1988.25,606.03,1988.29,590.09,1935.99,790.00,618.80,617.10,522.76,0.42,521.33,0.42,89.56


KOYNA,MAHARASHTRA,657.91,2158.50,657.76,2158.00,657.91,2158.50,609.60,2000.00,3130.00,3126.10,3104.07,2677.14,2.17,2656.43,2.15,1832.06


MACHKUND,ANDHRA PRADESH,838.20,2750.00,836.61,2744.78,837.38,2747.31,513.59,1685.01,670.00,551.60,472.91,892.55,0.72,765.22,0.62,393.31


NAGARJUN SAGAR,ANDHRA PRADESH,179.83,589.99,179.74,589.70,179.71,589.60,150.88,495.01,2237.00,1398.13,1390.56,6537.80,5.30,6506.71,5.28,599.53


SRISAILAM,ANDHRA PRADESH,269.75,885.01,269.26,883.40,269.66,884.71,243.84,800.00,4300.00,1391.84,1334.38,7105.96,5.76,6870.12,5.57,1065.30

,519.6 05
ALMATTI,KARNATAKA,519.62,1704.79,519.60,1704.72,-SEP-07,1704.72,505.97,1660.01,483.00,175.35,2631.50,2.13,244.13


,133260.00
KALINDI SUPA,KARNATAKA,563.88,1850.00,549.95,1804.30,561.21,1841.24,513.52,1684.78,542.00,2885.00,1709.47,108.04,78633.70,63.75,212.97


SHARAVATHY,KARNATAKA,554.43,1819.00,551.38,1808.99,554.4,1818.90,522.73,1714.99,5564.00,4557.03,3609.93,4297.08,3.48,3404.01,2.76,2950.96


IDAMALAYAR,KERALA,169.00,554.46,154.55,507.05,169,554.46,114.99,377.26,380.00,254.45,155.46,1017.80,0.83,622.34,0.50,167.58


IDUKKI,KERALA,732.35,2402.72,717.68,2354.59,731.73,2400.69,694.94,2279.99,2398.00,2146.32,1070.89,1459.50,1.18,728.20,0.59,1376.53
,DAILY REPORT OF HYDRO RESERVOIRS FOR,02-Oct-2008,2
,FULL,PRESENT,RESERVIOR,MIN. DRAW,ANNUAL,ENERGY ENERGY,EFF.,EFF. CAP,CUMMULATIVE
,RESERVOIR,RESERVOIR,LEVEL ON,DOWN,DESIGN,CONTENT CONTENT,CAP.,AT,ENERGY
,RESERVOIR,STATE,LEVEL,LEVEL,THE SAME,LEVEL,POTEN-,AT,AT,AT,PRESENT,GEN. FROM
,DAY LAST,TIAL,F.R.L. PRESENT,F.R.L.,LEVEL,1ST. OF
,YEAR,LEVEL,THE MONTH

,M,FT,M,FT,M,FT,M,FT,MU,MU,MU,MCM,MAFT,MCM,MAFT

MADUPATTY,KERALA,1599.38,5247.31,1599.10,5246.39,1599.38,5247.31,1554.48,5100.00,6.40,77.40,76.20,55.32,0.04,54.23,0.04,0.30


SABRIGRI,KERALA,981.46,3220.01,979.55,3213.75,980.85,3218.01,908.30,2979.99,1338.00,764.00,682.92,446.26,0.36,424.18,0.34,417.21


KUNDAH GROUP,TAMIL NADU,2847.77,1315.00,1270.00,868.00,346.50,0.28,1723.21


METTURE,TAMIL NADU,240.79,789.99,228.39,749.31,240.43,788.81,211.23,693.01,790.00,204.00,66.93,2504.70,2.03,1027.24,0.83,3316.54


PERIYAR,TAMIL NADU,46.33,152.00,36.70,120.41,40.02,131.30,33.53,110.01,409.00,216.00,41.63,273.51,0.22,51.62,0.04,247.95


BALIMELA,ORISSA,462.08,1516.01,450.34,1477.50,459,1505.91,438.91,1439.99,1183.00,897.75,330.13,2675.96,2.17,983.31,0.80,540.52


HIRAKUD,ORISSA,192.02,629.99,191.81,629.29,192.02,629.99,179.83,589.99,1174.00,372.28,359.82,4709.43,3.82,4578.07,3.71,647.28


INDRAVATI,ORISSA,641.84,2105.77,640.80,2102.36,641.8,2105.64,625.00,2050.52,1962.00,1213.13,937.84,1485.50,1.20,1364.75,1.11,1046.17


RENGALI,ORISSA,123.44,404.99,123.44,404.99,123.44,404.99,109.72,359.97,525.00,275.00,274.64,3167.81,2.57,3166.30,2.57,582.28


UPPER KOLAB,ORISSA,857.78,2814.24,853.18,2799.15,856.62,2810.43,843.78,2768.31,832.00,540.00,286.54,935.00,0.76,510.90,0.41,321.68


LOKTAK,MANIPUR,768.50,2521.33,768.50,2521.33,768.5,2521.33,766.01,2513.16,450.00,250.00,0.00,0.00,251.45


** BHAKRA - POTENTIAL OF 5282 MU INCLUDES THOSE OF GANGWAL AND KOTLA STATIONS AND CORRESPONDS TO A DRY YEAR. THE POTENTIAL FOR A DEPENDABLE YEAR IS 6057 MU.
*** INCLUDES GANGUWAL & KOTLA.
$ UKAI - THE POTENTIAL FOR DEPENDABLE YEAR DURING THE INITIAL YEAR IS 1080 MU AND WOULD REDUCE TO 605 MU AS AND WHEN UPSTREAM IRRIGATION DEVELOPS.
$$ ENERGY CONTENT AT GANDHI SAGAR INCLUDES FOR GENERATION AT R.P.SAGAR AND JAWAHAR SAGAR.
@ KOYNA - POTENTIAL OF 3523 MU IS CORRESPONDING TO 87 TMC OF WATER AVAILABLE FOR POWER GENERATION AS PER KRISHNA WATER DISPUTE TRIBUNAL AWARD FOR KOYNA I,II,III & IV.
* RANJIT SAGAR - ENERGY CONTENT AT F.R.L. WORKED OUT CONSIDERING NIL INFLOW IN THE RESERVIOR.
,DAILY REPORT OF HYDRO RESERVOIRS FOR,05-Oct-2008,1
,FULL,PRESENT,RESERVIOR,MIN. DRAW,ANNUAL,ENERGY ENERGY,EFF.,EFF. CAP,CUMMULATIVE
,RESERVOIR,RESERVOIR,LEVEL ON,DOWN,DESIGN,CONTENT CONTENT,CAP.,AT,ENERGY
,RESERVOIR,STATE,LEVEL,LEVEL,THE SAME,LEVEL,POTEN-,AT,AT,AT,PRESENT,GEN. FROM
,DAY LAST,TIAL,F.R.L. PRESENT,F.R.L.,LEVEL,1ST. OF
,YEAR,LEVEL,THE MONTH

,M,FT,M,FT,M,FT,M,FT,MU,MU,MU,MCM,MAFT,MCM,MAFT
,504.81
BHAKRA,PUNJAB,513.59,1685.01,511.85,1679.29 04-OCT-07,1656.20,445.62,1462.01,5282.00,1728.80,1634.40,6516.07,5.28,6204.30,5.03,3033.05

,413.55
PONG,PUNJAB,426.72,1400.00,423.56,1389.64 04-OCT-07,1356.79,384.05,1260.01,1123.00,1084.00,7246.99,6946.00,5.63,6139.84,4.98,521.80

,511.34
RANJIT SAGAR,PUNJAB,527.91,1731.99,514.34,1687.47 04-OCT-07,1677.62,487.91,1600.75,1507.00,390.30,262.39,7199.17,5.84,1218.74,0.99,1063.91

,350.84
R.P. SAGAR,RAJASTHAN,352.81,1157.51,352.70,1157.14 04-OCT-07,1151.05,343.81,1127.99,459.00,175.66,170.48,1568.98,1.27,1550.33,1.26,84.70

,259.33
RIHAND,UTTAR PRADESH,268.22,879.99,262.01,859.60 04-OCT-07,850.82,252.98,829.99,920.00,860.50,419.20,5845.50,4.74,3096.82,2.51,213.25

,358.65
RAM GANGA,UTTARAKHAND,366.00,1200.79,355.83,1167.42 04-OCT-07,1176.67,323.00,1059.71,164.00,480.80,301.47,2109.25,1.71,1433.03,1.16,114.88

,815.75
TEHRI,UTTARAKHAND,829.79,2722.41,819.20,2687.66 30-SEP-07,2676.35,740.04,2427.95,309.00,1291.49,1044.71,2615.00,2.12,2195.49,1.78,1986.42


SARDAR SAROVAR,GUJARAT,138.68,454.99,120.86,396.52,120.99,396.95,110.84,363.65,5469.00,1817.55,364.29,5760.00,4.67,1373.87,1.11,1281.41

,104.87
UKAI,GUJARAT,105.16,345.01,102.13,335.08 04-OCT-07,344.06,82.30,270.01,1080.00,813.08,599.08,6619.15,5.37,5323.99,4.32,231.22

,396.45
GANDHI SAGAR,MADHYA PRADESH,399.90,1312.01,387.18,1270.27 04-OCT-07,1300.69,381.00,1250.00,420.48,725.00,109.89,6911.19,5.60,1256.79,1.02,49.44


INDIRA SAGAR,MADHYA PRADESH,262.14,860.04,255.33,837.70,258.33,847.54,243.24,798.03,2628.00,1316.12,593.26,9706.00,7.87,4500.57,3.65,736.47


BHIRA,MAHARASHTRA,606.03,1988.29,606.03,1988.29,606.03,1988.29,590.09,1935.99,790.00,618.80,617.58,522.76,0.42,521.73,0.42,89.82

,657.91
KOYNA,MAHARASHTRA,657.91,2158.50,657.91,2158.49 04-OCT-07,2158.50,609.60,2000.00,3130.00,3126.10,3125.68,2677.14,2.17,2676.90,2.17,1838.09

,837.39
MACHKUND,ANDHRA PRADESH,838.20,2750.00,836.63,2744.85 04-OCT-07,2747.34,513.59,1685.01,670.00,551.60,473.91,892.55,0.72,766.83,0.62,401.54

,179.74
NAGARJUN SAGAR,ANDHRA PRADESH,179.83,589.99,179.77,589.80 04-OCT-07,589.70,150.88,495.01,2237.00,1398.13,1392.64,6537.80,5.30,6515.24,5.28,636.02

,269.69
SRISAILAM,ANDHRA PRADESH,269.75,885.01,268.77,881.79 04-OCT-07,884.81,243.84,800.00,4300.00,1391.84,1278.42,7105.96,5.76,6581.71,5.34,1094.59

,519.57
ALMATTI,KARNATAKA,519.62,1704.79,519.57,1704.63 02-OCT-07,1704.63,505.97,1660.01,483.00,175.35,2631.50,2.13,249.79

,561.35,133260.00
KALINDI SUPA,KARNATAKA,563.88,1850.00,549.68,1803.41 04-OCT-07,1841.70,513.52,1684.78,542.00,2885.00,1690.02,108.04,77739.59,63.02,220.06
,DAILY REPORT OF HYDRO RESERVOIRS FOR,05-Oct-2008,2
,FULL,PRESENT,RESERVIOR,MIN. DRAW,ANNUAL,ENERGY ENERGY,EFF.,EFF. CAP,CUMMULATIVE
,RESERVOIR,RESERVOIR,LEVEL ON,DOWN,DESIGN,CONTENT CONTENT,CAP.,AT,ENERGY
,RESERVOIR,STATE,LEVEL,LEVEL,THE SAME,LEVEL,POTEN-,AT,AT,AT,PRESENT,GEN. FROM
,DAY LAST,TIAL,F.R.L. PRESENT,F.R.L.,LEVEL,1ST. OF
,YEAR,LEVEL,THE MONTH

,M,FT,M,FT,M,FT,M,FT,MU,MU,MU,MCM,MAFT,MCM,MAFT
,554.37
SHARAVATHY,KARNATAKA,554.43,1819.00,551.28,1808.66 04-OCT-07,1818.80,522.73,1714.99,5564.00,4557.03,3581.97,4297.08,3.48,3377.64,2.74,2998.29

,169 04-
IDAMALAYAR,KERALA,169.00,554.46,153.97,505.15,OCT-07,554.46,114.99,377.26,380.00,254.45,152.02,1017.80,0.83,609.28,0.49,172.35

,731.58
IDUKKI,KERALA,732.35,2402.72,717.50,2354.00 04-OCT-07,2400.20,694.94,2279.99,2398.00,2146.32,1060.31,1459.50,1.18,721.01,0.58,1393.65

,1599.38
MADUPATTY,KERALA,1599.38,5247.31,1599.30,5247.05 04-OCT-07,5247.31,1554.48,5100.00,6.40,77.40,77.05,55.32,0.04,55.00,0.04,0.30

,981 04-
SABRIGRI,KERALA,981.46,3220.01,979.45,3213.42,OCT-07,3218.50,908.30,2979.99,1338.00,764.00,680.16,446.26,0.36,422.46,0.34,425.44


KUNDAH GROUP,TAMIL NADU,2808.40,1315.00,1270.00,856.00,346.50,0.28,1736.11

,240.06
METTURE,TAMIL NADU,240.79,789.99,227.36,745.93 04-OCT-07,787.60,211.23,693.01,790.00,204.00,58.33,2504.70,2.03,934.56,0.76,3369.54

,39.9 04-
PERIYAR,TAMIL NADU,46.33,152.00,36.39,119.39,OCT-07,130.91,33.53,110.01,409.00,216.00,37.56,273.51,0.22,45.51,0.04,253.35

,459.25
BALIMELA,ORISSA,462.08,1516.01,462.08,1516.01 04-OCT-07,1506.73,438.91,1439.99,1183.00,897.75,2675.96,2.17,543.51

,192.02
HIRAKUD,ORISSA,192.02,629.99,191.67,628.85 04-OCT-07,629.99,179.83,589.99,1174.00,372.28,352.10,4709.43,3.82,4493.88,3.64,662.77

,641.75
INDRAVATI,ORISSA,641.84,2105.77,640.79,2102.33 04-OCT-07,2105.48,625.00,2050.52,1962.00,1213.13,935.16,1485.50,1.20,1363.58,1.11,1069.48

,123.44
RENGALI,ORISSA,123.44,404.99,123.30,404.53 04-OCT-07,404.99,109.72,359.97,525.00,275.00,262.02,3167.81,2.57,3112.82,2.52,595.87

,856.66
UPPER KOLAB,ORISSA,857.78,2814.24,853.22,2799.28 04-OCT-07,2810.56,843.78,2768.31,832.00,540.00,289.20,935.00,0.76,514.52,0.42,326.37

,768.5 04
LOKTAK,MANIPUR,768.50,2521.33,768.50,2521.33,-OCT-07,2521.33,766.01,2513.16,450.00,250.00,0.00,0.00,257.87



** BHAKRA - POTENTIAL OF 5282 MU INCLUDES THOSE OF GANGWAL AND KOTLA STATIONS AND CORRESPONDS TO A DRY YEAR. THE POTENTIAL FOR A DEPENDABLE YEAR IS 6057 MU.
*** INCLUDES GANGUWAL & KOTLA.
$ UKAI - THE POTENTIAL FOR DEPENDABLE YEAR DURING THE INITIAL YEAR IS 1080 MU AND WOULD REDUCE TO 605 MU AS AND WHEN UPSTREAM IRRIGATION DEVELOPS.
$$ ENERGY CONTENT AT GANDHI SAGAR INCLUDES FOR GENERATION AT R.P.SAGAR AND JAWAHAR SAGAR.
@ KOYNA - POTENTIAL OF 3523 MU IS CORRESPONDING TO 87 TMC OF WATER AVAILABLE FOR POWER GENERATION AS PER KRISHNA WATER DISPUTE TRIBUNAL AWARD FOR KOYNA I,II,III & IV.
* RANJIT SAGAR - ENERGY CONTENT AT F.R.L. WORKED OUT CONSIDERING NIL INFLOW IN THE RESERVIOR.
,DAILY REPORT OF HYDRO RESERVOIRS FOR,06-Oct-2008,1
,FULL,PRESENT,RESERVIOR,MIN. DRAW,ANNUAL,ENERGY ENERGY,EFF.,EFF. CAP,CUMMULATIVE
,RESERVOIR,RESERVOIR,LEVEL ON,DOWN,DESIGN,CONTENT CONTENT,CAP.,AT,ENERGY
,RESERVOIR,STATE,LEVEL,LEVEL,THE SAME,LEVEL,POTEN-,AT,AT,AT,PRESENT,GEN. FROM
,DAY LAST,TIAL,F.R.L. PRESENT,F.R.L.,LEVEL,1ST. OF
,YEAR,LEVEL,THE MONTH

,M,FT,M,FT,M,FT,M,FT,MU,MU,MU,MCM,MAFT,MCM,MAFT
,504.81
BHAKRA,PUNJAB,513.59,1685.01,510.97,1676.42 04-OCT-07,1656.20,445.62,1462.01,5282.00,1728.80,1591.93,6516.07,5.28,6067.46,4.92,3053.22

,413.55
PONG,PUNJAB,426.72,1400.00,423.44,1389.24 04-OCT-07,1356.79,384.05,1260.01,1123.00,1084.00,7217.37,6946.00,5.63,6110.22,4.95,526.57

,511.34
RANJIT SAGAR,PUNJAB,527.91,1731.99,513.75,1685.53 04-OCT-07,1677.62,487.91,1600.75,1507.00,390.30,256.76,7199.17,5.84,1182.73,0.96,1065.93

,350.84
R.P. SAGAR,RAJASTHAN,352.81,1157.51,352.69,1157.11 04-OCT-07,1151.05,343.81,1127.99,459.00,175.66,170.04,1568.98,1.27,1548.78,1.26,84.70

,259.33
RIHAND,UTTAR PRADESH,268.22,879.99,261.91,859.30 04-OCT-07,850.82,252.98,829.99,920.00,860.50,413.72,5845.50,4.74,3061.74,2.48,215.10

,358.65
RAM GANGA,UTTARAKHAND,366.00,1200.79,356.04,1168.11 04-OCT-07,1176.67,323.00,1059.71,164.00,480.80,306.04,2109.25,1.71,1446.54,1.17,114.88

,815.75
TEHRI,UTTARAKHAND,829.79,2722.41,819.65,2689.14 30-SEP-07,2676.35,740.04,2427.95,309.00,1291.49,1054.28,2615.00,2.12,2212.13,1.79,1991.50


SARDAR SAROVAR,GUJARAT,138.68,454.99,120.88,396.59,120.89,396.62,110.84,363.65,5469.00,1817.55,365.35,5760.00,4.67,1377.52,1.12,1285.82

,104.87
UKAI,GUJARAT,105.16,345.01,102.12,335.03 04-OCT-07,344.06,82.30,270.01,1080.00,813.08,598.20,6619.15,5.37,5317.64,4.31,232.63

,396.45
GANDHI SAGAR,MADHYA PRADESH,399.90,1312.01,387.18,1270.27 04-OCT-07,1300.69,381.00,1250.00,420.48,725.00,109.89,6911.19,5.60,1256.79,1.02,49.44


INDIRA SAGAR,MADHYA PRADESH,262.14,860.04,255.33,837.70,258.23,847.21,243.24,798.03,2628.00,1316.12,593.26,9706.00,7.87,4500.57,3.65,741.71


BHIRA,MAHARASHTRA,606.03,1988.29,606.03,1988.29,606.02,1988.25,590.09,1935.99,790.00,618.80,617.58,522.76,0.42,521.73,0.42,90.30

,657.91
KOYNA,MAHARASHTRA,657.91,2158.50,657.91,2158.49 04-OCT-07,2158.50,609.60,2000.00,3130.00,3126.10,3125.68,2677.14,2.17,2676.90,2.17,1840.99

,837.39
MACHKUND,ANDHRA PRADESH,838.20,2750.00,836.62,2744.82 04-OCT-07,2747.34,513.59,1685.01,670.00,551.60,473.41,892.55,0.72,766.03,0.62,402.24

,179.74
NAGARJUN SAGAR,ANDHRA PRADESH,179.83,589.99,179.74,589.70 04-OCT-07,589.70,150.88,495.01,2237.00,1398.13,1390.56,6537.80,5.30,6506.71,5.28,643.30

,269.69
SRISAILAM,ANDHRA PRADESH,269.75,885.01,268.68,881.50 04-OCT-07,884.81,243.84,800.00,4300.00,1391.84,1268.37,7105.96,5.76,6529.65,5.29,1104.06

,519.57
ALMATTI,KARNATAKA,519.62,1704.79,519.57,1704.63 02-OCT-07,1704.63,505.97,1660.01,483.00,175.35,2631.50,2.13,251.61

,561.35,133260.00
KALINDI SUPA,KARNATAKA,563.88,1850.00,549.61,1803.18 04-OCT-07,1841.70,513.52,1684.78,542.00,2885.00,1684.97,108.04,77507.49,62.84,222.11
,DAILY REPORT OF HYDRO RESERVOIRS FOR,06-Oct-2008,2
,FULL,PRESENT,RESERVIOR,MIN. DRAW,ANNUAL,ENERGY ENERGY,EFF.,EFF. CAP,CUMMULATIVE
,RESERVOIR,RESERVOIR,LEVEL ON,DOWN,DESIGN,CONTENT CONTENT,CAP.,AT,ENERGY
,RESERVOIR,STATE,LEVEL,LEVEL,THE SAME,LEVEL,POTEN-,AT,AT,AT,PRESENT,GEN. FROM
,DAY LAST,TIAL,F.R.L. PRESENT,F.R.L.,LEVEL,1ST. OF
,YEAR,LEVEL,THE MONTH

,M,FT,M,FT,M,FT,M,FT,MU,MU,MU,MCM,MAFT,MCM,MAFT
,554.37
SHARAVATHY,KARNATAKA,554.43,1819.00,551.25,1808.56 04-OCT-07,1818.80,522.73,1714.99,5564.00,4557.03,3573.64,4297.08,3.48,3369.79,2.73,3011.99

,169 04-
IDAMALAYAR,KERALA,169.00,554.46,153.70,504.27,OCT-07,554.46,114.99,377.26,380.00,254.45,150.42,1017.80,0.83,603.19,0.49,173.96

,731.58
IDUKKI,KERALA,732.35,2402.72,717.48,2353.94 04-OCT-07,2400.20,694.94,2279.99,2398.00,2146.32,1059.12,1459.50,1.18,720.20,0.58,1397.53

,1599.38
MADUPATTY,KERALA,1599.38,5247.31,1599.35,5247.21 04-OCT-07,5247.31,1554.48,5100.00,6.40,77.40,77.26,55.32,0.04,55.19,0.04,0.30

,981 04-
SABRIGRI,KERALA,981.46,3220.01,979.40,3213.25,OCT-07,3218.50,908.30,2979.99,1338.00,764.00,678.77,446.26,0.36,421.60,0.34,428.19


KUNDAH GROUP,TAMIL NADU,2962.60,1315.00,1270.00,903.00,346.50,0.28,1740.36

,240.06
METTURE,TAMIL NADU,240.79,789.99,227.05,744.91 04-OCT-07,787.60,211.23,693.01,790.00,204.00,55.92,2504.70,2.03,907.76,0.74,3384.65

,39.9 04-
PERIYAR,TAMIL NADU,46.33,152.00,36.27,119.00,OCT-07,130.91,33.53,110.01,409.00,216.00,35.98,273.51,0.22,43.50,0.04,255.38

,459.25
BALIMELA,ORISSA,462.08,1516.01,462.08,1516.01 04-OCT-07,1506.73,438.91,1439.99,1183.00,897.75,2675.96,2.17,545.22

,192 04-
HIRAKUD,ORISSA,192.02,629.99,191.67,628.83,OCT-07,629.92,179.83,589.99,1174.00,372.28,351.74,4709.43,3.82,4489.81,3.64,666.54

,641.75
INDRAVATI,ORISSA,641.84,2105.77,640.78,2102.30 04-OCT-07,2105.48,625.00,2050.52,1962.00,1213.13,932.57,1485.50,1.20,1362.44,1.10,1080.92

,123.44
RENGALI,ORISSA,123.44,404.99,123.27,404.43 04-OCT-07,404.99,109.72,359.97,525.00,275.00,259.30,3167.81,2.57,3101.29,2.51,599.45

,856.66
UPPER KOLAB,ORISSA,857.78,2814.24,853.26,2799.41 04-OCT-07,2810.56,843.78,2768.31,832.00,540.00,291.86,935.00,0.76,518.13,0.42,328.28

,768.5 04
LOKTAK,MANIPUR,768.50,2521.33,768.50,2521.33,-OCT-07,2521.33,766.01,2513.16,450.00,250.00,0.00,0.00,260.00



** BHAKRA - POTENTIAL OF 5282 MU INCLUDES THOSE OF GANGWAL AND KOTLA STATIONS AND CORRESPONDS TO A DRY YEAR. THE POTENTIAL FOR A DEPENDABLE YEAR IS 6057 MU.
*** INCLUDES GANGUWAL & KOTLA.
$ UKAI - THE POTENTIAL FOR DEPENDABLE YEAR DURING THE INITIAL YEAR IS 1080 MU AND WOULD REDUCE TO 605 MU AS AND WHEN UPSTREAM IRRIGATION DEVELOPS.
$$ ENERGY CONTENT AT GANDHI SAGAR INCLUDES FOR GENERATION AT R.P.SAGAR AND JAWAHAR SAGAR.
@ KOYNA - POTENTIAL OF 3523 MU IS CORRESPONDING TO 87 TMC OF WATER AVAILABLE FOR POWER GENERATION AS PER KRISHNA WATER DISPUTE TRIBUNAL AWARD FOR KOYNA I,II,III & IV.
* RANJIT SAGAR - ENERGY CONTENT AT F.R.L. WORKED OUT CONSIDERING NIL INFLOW IN THE RESERVIOR.
,DAILY REPORT OF HYDRO RESERVOIRS FOR,07-Oct-2008,1
,FULL,PRESENT,RESERVIOR,MIN. DRAW,ANNUAL,ENERGY ENERGY,EFF.,EFF. CAP,CUMMULATIVE
,RESERVOIR,RESERVOIR,LEVEL ON,DOWN,DESIGN,CONTENT CONTENT,CAP.,AT,ENERGY
,RESERVOIR,STATE,LEVEL,LEVEL,THE SAME,LEVEL,POTEN-,AT,AT,AT,PRESENT,GEN. FROM
,DAY LAST,TIAL,F.R.L. PRESENT,F.R.L.,LEVEL,1ST. OF
,YEAR,LEVEL,THE MONTH

,M,FT,M,FT,M,FT,M,FT,MU,MU,MU,MCM,MAFT,MCM,MAFT

BHAKRA,PUNJAB,513.59,1685.01,511.51,1678.17,504.46,1655.05,445.62,1462.01,5282.00,1728.80,1618.00,6516.07,5.28,6150.90,4.99,3073.22


PONG,PUNJAB,426.72,1400.00,423.37,1389.01,413.16,1355.51,384.05,1260.01,1123.00,1084.00,7200.34,6946.00,5.63,6093.19,4.94,532.50


RANJIT SAGAR,PUNJAB,527.91,1731.99,513.78,1685.63,511.15,1677.00,487.91,1600.75,1507.00,390.30,257.05,7199.17,5.84,1184.57,0.96,1067.90


R.P. SAGAR,RAJASTHAN,352.81,1157.51,352.68,1157.10,350.76,1150.79,343.81,1127.99,459.00,175.66,169.90,1568.98,1.27,1548.26,1.26,84.70


RIHAND,UTTAR PRADESH,268.22,879.99,261.91,859.30,259.57,851.61,252.98,829.99,920.00,860.50,413.72,5845.50,4.74,3061.74,2.48,217.75


RAM GANGA,UTTARAKHAND,366.00,1200.79,356.11,1168.34,359.09,1178.12,323.00,1059.71,164.00,480.80,307.32,2109.25,1.71,1451.72,1.18,114.88

,815.75
TEHRI,UTTARAKHAND,829.79,2722.41,819.65,2689.14 30-SEP-07,2676.35,740.04,2427.95,309.00,1291.49,1054.28,2615.00,2.12,2212.13,1.79,1996.44


SARDAR SAROVAR,GUJARAT,138.68,454.99,120.73,396.10,120.91,396.69,110.84,363.65,5469.00,1817.55,357.44,5760.00,4.67,1350.34,1.09,1290.67


UKAI,GUJARAT,105.16,345.01,102.11,335.02,104.89,344.13,82.30,270.01,1080.00,813.08,598.02,6619.15,5.37,5316.37,4.31,233.88


GANDHI SAGAR,MADHYA PRADESH,399.90,1312.01,387.18,1270.27,396.38,1300.46,381.00,1250.00,420.48,725.00,109.89,6911.19,5.60,1256.79,1.02,49.44


INDIRA SAGAR,MADHYA PRADESH,262.14,860.04,255.31,837.63,258.23,847.21,243.24,798.03,2628.00,1316.12,591.62,9706.00,7.87,4488.69,3.64,745.86


BHIRA,MAHARASHTRA,606.03,1988.29,606.00,1988.19,605.99,1988.16,590.09,1935.99,790.00,618.80,616.13,522.76,0.42,520.51,0.42,90.93


KOYNA,MAHARASHTRA,657.91,2158.50,657.91,2158.49,657.91,2158.50,609.60,2000.00,3130.00,3126.10,3125.68,2677.14,2.17,2676.90,2.17,1844.86


MACHKUND,ANDHRA PRADESH,838.20,2750.00,836.62,2744.82,837.79,2748.65,513.59,1685.01,670.00,551.60,473.41,892.55,0.72,766.03,0.62,403.42


NAGARJUN SAGAR,ANDHRA PRADESH,179.83,589.99,179.77,589.80,179.77,589.80,150.88,495.01,2237.00,1398.13,1392.64,6537.80,5.30,6515.24,5.28,650.83


SRISAILAM,ANDHRA PRADESH,269.75,885.01,268.56,881.10,269.47,884.09,243.84,800.00,4300.00,1391.84,1254.96,7105.96,5.76,6460.12,5.24,1105.78

,519.57
ALMATTI,KARNATAKA,519.62,1704.79,519.57,1704.63 02-OCT-07,1704.63,505.97,1660.01,483.00,175.35,2631.50,2.13,253.46


,133260.00
KALINDI SUPA,KARNATAKA,563.88,1850.00,549.53,1802.92,561.35,1841.70,513.52,1684.78,542.00,2885.00,1679.22,108.04,77243.09,62.62,224.29


SHARAVATHY,KARNATAKA,554.43,1819.00,551.22,1808.46,554.31,1818.60,522.73,1714.99,5564.00,4557.03,3565.32,4297.08,3.48,3361.94,2.73,3024.66


IDAMALAYAR,KERALA,169.00,554.46,153.62,504.00,168.95,554.30,114.99,377.26,380.00,254.45,149.95,1017.80,0.83,601.39,0.49,175.57


IDUKKI,KERALA,732.35,2402.72,717.47,2353.90,731.32,2399.34,694.94,2279.99,2398.00,2146.32,1058.53,1459.50,1.18,719.80,0.58,1403.14
,DAILY REPORT OF HYDRO RESERVOIRS FOR,07-Oct-2008,2
,FULL,PRESENT,RESERVIOR,MIN. DRAW,ANNUAL,ENERGY ENERGY,EFF.,EFF. CAP,CUMMULATIVE
,RESERVOIR,RESERVOIR,LEVEL ON,DOWN,DESIGN,CONTENT CONTENT,CAP.,AT,ENERGY
,RESERVOIR,STATE,LEVEL,LEVEL,THE SAME,LEVEL,POTEN-,AT,AT,AT,PRESENT,GEN. FROM
,DAY LAST,TIAL,F.R.L. PRESENT,F.R.L.,LEVEL,1ST. OF
,YEAR,LEVEL,THE MONTH

,M,FT,M,FT,M,FT,M,FT,MU,MU,MU,MCM,MAFT,MCM,MAFT

MADUPATTY,KERALA,1599.38,5247.31,1599.38,5247.31,1599.38,5247.31,1554.48,5100.00,6.40,77.40,77.39,55.32,0.04,55.31,0.04,0.30


SABRIGRI,KERALA,981.46,3220.01,979.40,3213.25,981.05,3218.67,908.30,2979.99,1338.00,764.00,678.77,446.26,0.36,421.60,0.34,430.94


KUNDAH GROUP,TAMIL NADU,2791.99,1315.00,1270.00,851.00,346.50,0.28,1744.59


METTURE,TAMIL NADU,240.79,789.99,226.76,743.96,239.56,785.96,211.23,693.01,790.00,204.00,54.96,2504.70,2.03,883.03,0.72,3399.75


PERIYAR,TAMIL NADU,46.33,152.00,36.21,118.80,39.56,129.79,33.53,110.01,409.00,216.00,34.79,273.51,0.22,42.49,0.03,257.35


BALIMELA,ORISSA,462.08,1516.01,450.74,1478.80,460.25,1510.01,438.91,1439.99,1183.00,897.75,344.95,2675.96,2.17,1028.19,0.83,547.78


HIRAKUD,ORISSA,192.02,629.99,191.69,628.89,192.02,629.99,179.83,589.99,1174.00,372.28,352.80,4709.43,3.82,4502.02,3.65,670.34


INDRAVATI,ORISSA,641.84,2105.77,640.72,2102.10,641.75,2105.48,625.00,2050.52,1962.00,1213.13,916.61,1485.50,1.20,1355.44,1.10,1092.41


RENGALI,ORISSA,123.44,404.99,123.24,404.33,123.44,404.99,109.72,359.97,525.00,275.00,256.60,3167.81,2.57,3089.87,2.51,602.83


UPPER KOLAB,ORISSA,857.78,2814.24,853.28,2799.48,856.71,2810.73,843.78,2768.31,832.00,540.00,293.20,935.00,0.76,519.95,0.42,330.37


LOKTAK,MANIPUR,768.50,2521.33,768.50,2521.33,768.5,2521.33,766.01,2513.16,450.00,250.00,0.00,0.00,262.20


** BHAKRA - POTENTIAL OF 5282 MU INCLUDES THOSE OF GANGWAL AND KOTLA STATIONS AND CORRESPONDS TO A DRY YEAR. THE POTENTIAL FOR A DEPENDABLE YEAR IS 6057 MU.
*** INCLUDES GANGUWAL & KOTLA.
$ UKAI - THE POTENTIAL FOR DEPENDABLE YEAR DURING THE INITIAL YEAR IS 1080 MU AND WOULD REDUCE TO 605 MU AS AND WHEN UPSTREAM IRRIGATION DEVELOPS.
$$ ENERGY CONTENT AT GANDHI SAGAR INCLUDES FOR GENERATION AT R.P.SAGAR AND JAWAHAR SAGAR.
@ KOYNA - POTENTIAL OF 3523 MU IS CORRESPONDING TO 87 TMC OF WATER AVAILABLE FOR POWER GENERATION AS PER KRISHNA WATER DISPUTE TRIBUNAL AWARD FOR KOYNA I,II,III & IV.
* RANJIT SAGAR - ENERGY CONTENT AT F.R.L. WORKED OUT CONSIDERING NIL INFLOW IN THE RESERVIOR.
,DAILY REPORT OF HYDRO RESERVOIRS FOR,09-Oct-2008,1
,FULL,PRESENT,RESERVIOR,MIN. DRAW,ANNUAL,ENERGY ENERGY,EFF.,EFF. CAP,CUMMULATIVE
,RESERVOIR,RESERVOIR,LEVEL ON,DOWN,DESIGN,CONTENT CONTENT,CAP.,AT,ENERGY
,RESERVOIR,STATE,LEVEL,LEVEL,THE SAME,LEVEL,POTEN-,AT,AT,AT,PRESENT,GEN. FROM
,DAY LAST,TIAL,F.R.L. PRESENT,F.R.L.,LEVEL,1ST. OF
,YEAR,LEVEL,THE MONTH

,M,FT,M,FT,M,FT,M,FT,MU,MU,MU,MCM,MAFT,MCM,MAFT

BHAKRA,PUNJAB,513.59,1685.01,511.42,1677.88,504.28,1654.46,445.62,1462.01,5282.00,1728.80,1613.74,6516.07,5.28,6137.07,4.98,3113.54


PONG,PUNJAB,426.72,1400.00,423.30,1388.77,412.89,1354.63,384.05,1260.01,1123.00,1084.00,7182.57,6946.00,5.63,6075.42,4.93,545.49


RANJIT SAGAR,PUNJAB,527.91,1731.99,513.80,1685.70,510.98,1676.44,487.91,1600.75,1507.00,390.30,257.24,7199.17,5.84,1185.80,0.96,1071.55


R.P. SAGAR,RAJASTHAN,352.81,1157.51,352.68,1157.10,350.78,1150.85,343.81,1127.99,459.00,175.66,169.90,1568.98,1.27,1548.26,1.26,84.70


RIHAND,UTTAR PRADESH,268.22,879.99,261.85,859.10,259.57,851.61,252.98,829.99,920.00,860.50,410.08,5845.50,4.74,3038.36,2.46,221.60


RAM GANGA,UTTARAKHAND,366.00,1200.79,356.15,1168.47,359.29,1178.77,323.00,1059.71,164.00,480.80,308.06,2109.25,1.71,1454.66,1.18,114.88

,815.75
TEHRI,UTTARAKHAND,829.79,2722.41,819.95,2690.12 30-SEP-07,2676.35,740.04,2427.95,309.00,1291.49,1060.67,2615.00,2.12,2223.24,1.80,2007.30


SARDAR SAROVAR,GUJARAT,138.68,454.99,120.88,396.59,120.61,395.70,110.84,363.65,5469.00,1817.55,365.35,5760.00,4.67,1377.52,1.12,1300.35


UKAI,GUJARAT,105.16,345.01,102.18,335.25,104.9,344.16,82.30,270.01,1080.00,813.08,602.08,6619.15,5.37,5345.59,4.33,236.14


GANDHI SAGAR,MADHYA PRADESH,399.90,1312.01,387.18,1270.27,396.29,1300.16,381.00,1250.00,420.48,725.00,109.89,6911.19,5.60,1256.79,1.02,49.44

,258.23
INDIRA SAGAR,MADHYA PRADESH,262.14,860.04,255.34,837.73 08-OCT-07,847.21,243.24,798.03,2628.00,1316.12,594.09,9706.00,7.87,4506.52,3.65,752.33


BHIRA,MAHARASHTRA,606.03,1988.29,604.04,1981.76,605.99,1988.16,590.09,1935.99,790.00,618.80,524.96,522.76,0.42,443.49,0.36,91.70


KOYNA,MAHARASHTRA,657.91,2158.50,657.91,2158.49,657.91,2158.50,609.60,2000.00,3130.00,3126.10,3125.68,2677.14,2.17,2676.90,2.17,1849.68


MACHKUND,ANDHRA PRADESH,838.20,2750.00,836.71,2745.11,837.8,2748.69,513.59,1685.01,670.00,551.60,477.87,892.55,0.72,773.24,0.63,405.90


NAGARJUN SAGAR,ANDHRA PRADESH,179.83,589.99,179.34,588.39,179.59,589.21,150.88,495.01,2237.00,1398.13,1362.58,6537.80,5.30,6391.83,5.18,663.58


SRISAILAM,ANDHRA PRADESH,269.75,885.01,268.59,881.20,269.41,883.89,243.84,800.00,4300.00,1391.84,1258.33,7105.96,5.76,6477.59,5.25,1107.86

,519.57
ALMATTI,KARNATAKA,519.62,1704.79,519.57,1704.63 02-OCT-07,1704.63,505.97,1660.01,483.00,175.35,2631.50,2.13,256.72


,133260.00
KALINDI SUPA,KARNATAKA,563.88,1850.00,549.36,1802.36,561.25,1841.37,513.52,1684.78,542.00,2885.00,1666.97,108.04,76681.66,62.17,227.32


SHARAVATHY,KARNATAKA,554.43,1819.00,551.17,1808.30,554.3,1818.57,522.73,1714.99,5564.00,4557.03,3551.38,4297.08,3.48,3348.79,2.71,3049.94


IDAMALAYAR,KERALA,169.00,554.46,153.30,502.95,168.81,553.84,114.99,377.26,380.00,254.45,148.05,1017.80,0.83,594.18,0.48,178.20
,DAILY REPORT OF HYDRO RESERVOIRS FOR,09-Oct-2008,2
,FULL,PRESENT,RESERVIOR,MIN. DRAW,ANNUAL,ENERGY ENERGY,EFF.,EFF. CAP,CUMMULATIVE
,RESERVOIR,RESERVOIR,LEVEL ON,DOWN,DESIGN,CONTENT CONTENT,CAP.,AT,ENERGY
,RESERVOIR,STATE,LEVEL,LEVEL,THE SAME,LEVEL,POTEN-,AT,AT,AT,PRESENT,GEN. FROM
,DAY LAST,TIAL,F.R.L. PRESENT,F.R.L.,LEVEL,1ST. OF
,YEAR,LEVEL,THE MONTH

,M,FT,M,FT,M,FT,M,FT,MU,MU,MU,MCM,MAFT,MCM,MAFT

IDUKKI,KERALA,732.35,2402.72,717.48,2353.94,730.92,2398.03,694.94,2279.99,2398.00,2146.32,1059.12,1459.50,1.18,720.20,0.58,1410.44


MADUPATTY,KERALA,1599.38,5247.31,1599.38,5247.31,1599.38,5247.31,1554.48,5100.00,6.40,77.40,77.39,55.32,0.04,55.31,0.04,0.30


SABRIGRI,KERALA,981.46,3220.01,979.30,3212.93,980.95,3218.34,908.30,2979.99,1338.00,764.00,676.00,446.26,0.36,419.88,0.34,436.44


KUNDAH GROUP,TAMIL NADU,2795.28,1315.00,1270.00,852.00,346.50,0.28,1753.13


METTURE,TAMIL NADU,240.79,789.99,226.24,742.26,239.19,784.74,211.23,693.01,790.00,204.00,52.83,2504.70,2.03,839.66,0.68,3429.98


PERIYAR,TAMIL NADU,46.33,152.00,35.97,118.01,39.29,128.90,33.53,110.01,409.00,216.00,30.07,273.51,0.22,38.46,0.03,261.10

,460.8 08
BALIMELA,ORISSA,462.08,1516.01,450.80,1479.00,-OCT-07,1511.81,438.91,1439.99,1183.00,897.75,347.23,2675.96,2.17,1034.99,0.84,551.73

,192 08-
HIRAKUD,ORISSA,192.02,629.99,191.69,628.89,OCT-07,629.92,179.83,589.99,1174.00,372.28,352.80,4709.43,3.82,4502.02,3.65,678.02

,641.75
INDRAVATI,ORISSA,641.84,2105.77,640.63,2101.80 08-OCT-07,2105.48,625.00,2050.52,1962.00,1213.13,892.63,1485.50,1.20,1344.92,1.09,1112.67

,123.44
RENGALI,ORISSA,123.44,404.99,123.25,404.36 08-OCT-07,404.99,109.72,359.97,525.00,275.00,257.51,3167.81,2.57,3093.72,2.51,609.78

,856.8 08
UPPER KOLAB,ORISSA,857.78,2814.24,853.29,2799.51,-OCT-07,2811.02,843.78,2768.31,832.00,540.00,293.87,935.00,0.76,520.86,0.42,334.11


LOKTAK,MANIPUR,768.50,2521.33,768.50,2521.33,768.5,2521.33,766.01,2513.16,450.00,250.00,0.00,0.00,266.60


** BHAKRA - POTENTIAL OF 5282 MU INCLUDES THOSE OF GANGWAL AND KOTLA STATIONS AND CORRESPONDS TO A DRY YEAR. THE POTENTIAL FOR A DEPENDABLE YEAR IS 6057 MU.
*** INCLUDES GANGUWAL & KOTLA.
$ UKAI - THE POTENTIAL FOR DEPENDABLE YEAR DURING THE INITIAL YEAR IS 1080 MU AND WOULD REDUCE TO 605 MU AS AND WHEN UPSTREAM IRRIGATION DEVELOPS.
$$ ENERGY CONTENT AT GANDHI SAGAR INCLUDES FOR GENERATION AT R.P.SAGAR AND JAWAHAR SAGAR.
@ KOYNA - POTENTIAL OF 3523 MU IS CORRESPONDING TO 87 TMC OF WATER AVAILABLE FOR POWER GENERATION AS PER KRISHNA WATER DISPUTE TRIBUNAL AWARD FOR KOYNA I,II,III & IV.
* RANJIT SAGAR - ENERGY CONTENT AT F.R.L. WORKED OUT CONSIDERING NIL INFLOW IN THE RESERVIOR.
,DAILY REPORT OF HYDRO RESERVOIRS FOR,12-Oct-2008,1
,FULL,PRESENT,RESERVIOR,MIN. DRAW,ANNUAL,ENERGY ENERGY,EFF.,EFF. CAP,CUMMULATIVE
,RESERVOIR,RESERVOIR,LEVEL ON,DOWN,DESIGN,CONTENT CONTENT,CAP.,AT,ENERGY
,RESERVOIR,STATE,LEVEL,LEVEL,THE SAME,LEVEL,POTEN-,AT,AT,AT,PRESENT,GEN. FROM
,DAY LAST,TIAL,F.R.L. PRESENT,F.R.L.,LEVEL,1ST. OF
,YEAR,LEVEL,THE MONTH

,M,FT,M,FT,M,FT,M,FT,MU,MU,MU,MCM,MAFT,MCM,MAFT
,504.11
BHAKRA,PUNJAB,513.59,1685.01,511.42,1677.88 11-OCT-07,1653.90,445.62,1462.01,5282.00,1728.80,1613.74,6516.07,5.28,6137.07,4.98,3173.52

,412.6 11
PONG,PUNJAB,426.72,1400.00,423.30,1388.77,-OCT-07,1353.67,384.05,1260.01,1123.00,1084.00,7182.57,6946.00,5.63,6075.42,4.93,565.66

,510.75
RANJIT SAGAR,PUNJAB,527.91,1731.99,513.63,1685.14 11-OCT-07,1675.69,487.91,1600.75,1507.00,390.30,255.61,7199.17,5.84,1175.42,0.95,1077.09

,350.84
R.P. SAGAR,RAJASTHAN,352.81,1157.51,352.69,1157.12 11-OCT-07,1151.05,343.81,1127.99,459.00,175.66,170.19,1568.98,1.27,1549.30,1.26,84.70

,259.51
RIHAND,UTTAR PRADESH,268.22,879.99,261.73,858.70 11-OCT-07,851.41,252.98,829.99,920.00,860.50,402.78,5845.50,4.74,2991.60,2.43,227.09

,359.45
RAM GANGA,UTTARAKHAND,366.00,1200.79,365.15,1198.00 11-OCT-07,1179.30,323.00,1059.71,164.00,480.80,477.09,2109.25,1.71,2013.13,1.63,114.88

,815.75
TEHRI,UTTARAKHAND,829.79,2722.41,819.95,2690.12 07-OCT-07,2676.35,740.04,2427.95,309.00,1291.49,1060.67,2615.00,2.12,2223.24,1.80,2023.60


SARDAR SAROVAR,GUJARAT,138.68,454.99,120.96,396.85,120.05,393.86,110.84,363.65,5469.00,1817.55,369.56,5760.00,4.67,1391.99,1.13,1310.01

,104.39
UKAI,GUJARAT,105.16,345.01,102.25,335.45 11-OCT-07,342.49,82.30,270.01,1080.00,813.08,605.62,6619.15,5.37,5370.99,4.35,239.35

,396.2 11
GANDHI SAGAR,MADHYA PRADESH,399.90,1312.01,387.17,1270.24,-OCT-07,1299.87,381.00,1250.00,420.48,725.00,109.68,6911.19,5.60,1254.20,1.02,49.44


INDIRA SAGAR,MADHYA PRADESH,262.14,860.04,255.31,837.63,258.24,847.24,243.24,798.03,2628.00,1316.12,591.62,9706.00,7.87,4488.69,3.64,763.77


BHIRA,MAHARASHTRA,606.03,1988.29,605.99,1988.16,605.8,1987.53,590.09,1935.99,790.00,618.80,615.64,522.76,0.42,520.10,0.42,92.12

,657.91
KOYNA,MAHARASHTRA,657.91,2158.50,657.91,2158.49 11-OCT-07,2158.50,609.60,2000.00,3130.00,3126.10,3125.68,2677.14,2.17,2676.90,2.17,1854.99

,837.29
MACHKUND,ANDHRA PRADESH,838.20,2750.00,836.75,2745.24 11-OCT-07,2747.01,513.59,1685.01,670.00,551.60,479.84,892.55,0.72,776.43,0.63,409.79

,179.74
NAGARJUN SAGAR,ANDHRA PRADESH,179.83,589.99,179.31,588.29 11-OCT-07,589.70,150.88,495.01,2237.00,1398.13,1360.43,6537.80,5.30,6383.02,5.17,683.02

,269.2 11
SRISAILAM,ANDHRA PRADESH,269.75,885.01,268.32,880.31,-OCT-07,883.20,243.84,800.00,4300.00,1391.84,1228.64,7105.96,5.76,6325.33,5.13,1114.11


ALMATTI,KARNATAKA,519.62,1704.79,519.60,1704.72,519.6,1704.72,505.97,1660.01,483.00,175.35,2631.50,2.13,263.15

,561.15,133260.00
KALINDI SUPA,KARNATAKA,563.88,1850.00,549.28,1802.10 11-OCT-07,1841.04,513.52,1684.78,542.00,2885.00,1661.22,108.04,76418.06,61.95,229.88
,DAILY REPORT OF HYDRO RESERVOIRS FOR,12-Oct-2008,2
,FULL,PRESENT,RESERVIOR,MIN. DRAW,ANNUAL,ENERGY ENERGY,EFF.,EFF. CAP,CUMMULATIVE
,RESERVOIR,RESERVOIR,LEVEL ON,DOWN,DESIGN,CONTENT CONTENT,CAP.,AT,ENERGY
,RESERVOIR,STATE,LEVEL,LEVEL,THE SAME,LEVEL,POTEN-,AT,AT,AT,PRESENT,GEN. FROM
,DAY LAST,TIAL,F.R.L. PRESENT,F.R.L.,LEVEL,1ST. OF
,YEAR,LEVEL,THE MONTH

,M,FT,M,FT,M,FT,M,FT,MU,MU,MU,MCM,MAFT,MCM,MAFT
,554.27
SHARAVATHY,KARNATAKA,554.43,1819.00,551.11,1808.10 11-OCT-07,1818.47,522.73,1714.99,5564.00,4557.03,3534.64,4297.08,3.48,3333.00,2.70,3084.36

,168.65
IDAMALAYAR,KERALA,169.00,554.46,152.84,501.44 11-OCT-07,553.31,114.99,377.26,380.00,254.45,145.34,1017.80,0.83,583.82,0.47,181.03

,730.62
IDUKKI,KERALA,732.35,2402.72,717.47,2353.90 11-OCT-07,2397.05,694.94,2279.99,2398.00,2146.32,1058.53,1459.50,1.18,719.80,0.58,1415.57

,1599.38
MADUPATTY,KERALA,1599.38,5247.31,1599.38,5247.31 11-OCT-07,5247.31,1554.48,5100.00,6.40,77.40,77.39,55.32,0.04,55.31,0.04,0.30

,980.75
SABRIGRI,KERALA,981.46,3220.01,979.30,3212.93 11-OCT-07,3217.68,908.30,2979.99,1338.00,764.00,676.00,446.26,0.36,419.88,0.34,444.68

,1447 11-
KUNDAH GROUP,TAMIL NADU,2775.59,OCT-07,4747.38,1315.00,1270.00,846.00,346.50,0.28,1771.26

,238.62
METTURE,TAMIL NADU,240.79,789.99,225.48,739.76 11-OCT-07,782.87,211.23,693.01,790.00,204.00,49.53,2504.70,2.03,774.84,0.63,3475.38

,39.11 11
PERIYAR,TAMIL NADU,46.33,152.00,35.78,117.39,-OCT-07,128.31,33.53,110.01,409.00,216.00,27.55,273.51,0.22,35.28,0.03,266.20

,461.41
BALIMELA,ORISSA,462.08,1516.01,450.83,1479.10 11-OCT-07,1513.81,438.91,1439.99,1183.00,897.75,348.37,2675.96,2.17,1038.39,0.84,556.92

,192.01
HIRAKUD,ORISSA,192.02,629.99,191.63,628.71 11-OCT-07,629.95,179.83,589.99,1174.00,372.28,349.64,4709.43,3.82,4465.39,3.62,690.18

,641.65
INDRAVATI,ORISSA,641.84,2105.77,640.96,2102.89 11-OCT-07,2105.15,625.00,2050.52,1962.00,1213.13,980.37,1485.50,1.20,1383.41,1.12,1142.32

,123.44
RENGALI,ORISSA,123.44,404.99,123.17,404.10 11-OCT-07,404.99,109.72,359.97,525.00,275.00,250.28,3167.81,2.57,3063.08,2.48,620.51

,856.78
UPPER KOLAB,ORISSA,857.78,2814.24,853.25,2799.38 11-OCT-07,2810.96,843.78,2768.31,832.00,540.00,291.21,935.00,0.76,517.25,0.42,339.39

,768.5 11
LOKTAK,MANIPUR,768.50,2521.33,768.50,2521.33,-OCT-07,2521.33,766.01,2513.16,450.00,250.00,0.00,0.00,273.20



** BHAKRA - POTENTIAL OF 5282 MU INCLUDES THOSE OF GANGWAL AND KOTLA STATIONS AND CORRESPONDS TO A DRY YEAR. THE POTENTIAL FOR A DEPENDABLE YEAR IS 6057 MU.
*** INCLUDES GANGUWAL & KOTLA.
$ UKAI - THE POTENTIAL FOR DEPENDABLE YEAR DURING THE INITIAL YEAR IS 1080 MU AND WOULD REDUCE TO 605 MU AS AND WHEN UPSTREAM IRRIGATION DEVELOPS.
$$ ENERGY CONTENT AT GANDHI SAGAR INCLUDES FOR GENERATION AT R.P.SAGAR AND JAWAHAR SAGAR.
@ KOYNA - POTENTIAL OF 3523 MU IS CORRESPONDING TO 87 TMC OF WATER AVAILABLE FOR POWER GENERATION AS PER KRISHNA WATER DISPUTE TRIBUNAL AWARD FOR KOYNA I,II,III & IV.
* RANJIT SAGAR - ENERGY CONTENT AT F.R.L. WORKED OUT CONSIDERING NIL INFLOW IN THE RESERVIOR.
,DAILY REPORT OF HYDRO RESERVOIRS FOR,13-Oct-2008,1
,FULL,PRESENT,RESERVIOR,MIN. DRAW,ANNUAL,ENERGY ENERGY,EFF.,EFF. CAP,CUMMULATIVE
,RESERVOIR,RESERVOIR,LEVEL ON,DOWN,DESIGN,CONTENT CONTENT,CAP.,AT,ENERGY
,RESERVOIR,STATE,LEVEL,LEVEL,THE SAME,LEVEL,POTEN-,AT,AT,AT,PRESENT,GEN. FROM
,DAY LAST,TIAL,F.R.L. PRESENT,F.R.L.,LEVEL,1ST. OF
,YEAR,LEVEL,THE MONTH

,M,FT,M,FT,M,FT,M,FT,MU,MU,MU,MCM,MAFT,MCM,MAFT
,504.11
BHAKRA,PUNJAB,513.59,1685.01,510.83,1675.96 11-OCT-07,1653.90,445.62,1462.01,5282.00,1728.80,1584.95,6516.07,5.28,6045.52,4.90,3192.33

,412.6 11
PONG,PUNJAB,426.72,1400.00,422.86,1387.35,-OCT-07,1353.67,384.05,1260.01,1123.00,1084.00,7077.43,6946.00,5.63,5970.28,4.84,570.96

,510.75
RANJIT SAGAR,PUNJAB,527.91,1731.99,513.63,1685.14 11-OCT-07,1675.69,487.91,1600.75,1507.00,390.30,255.61,7199.17,5.84,1175.42,0.95,1079.74

,350.84
R.P. SAGAR,RAJASTHAN,352.81,1157.51,352.69,1157.13 11-OCT-07,1151.05,343.81,1127.99,459.00,175.66,170.33,1568.98,1.27,1549.81,1.26,84.70

,259.51
RIHAND,UTTAR PRADESH,268.22,879.99,261.73,858.70 11-OCT-07,851.41,252.98,829.99,920.00,860.50,402.78,5845.50,4.74,2991.60,2.43,229.97

,359.45
RAM GANGA,UTTARAKHAND,366.00,1200.79,356.33,1169.06 11-OCT-07,1179.30,323.00,1059.71,164.00,480.80,311.36,2109.25,1.71,1467.96,1.19,114.88

,815.75
TEHRI,UTTARAKHAND,829.79,2722.41,819.95,2690.12 07-OCT-07,2676.35,740.04,2427.95,309.00,1291.49,1060.67,2615.00,2.12,2223.24,1.80,2028.75


SARDAR SAROVAR,GUJARAT,138.68,454.99,120.96,396.85,120.05,393.86,110.84,363.65,5469.00,1817.55,369.56,5760.00,4.67,1391.99,1.13,1310.01

,104.39
UKAI,GUJARAT,105.16,345.01,102.22,335.37 11-OCT-07,342.49,82.30,270.01,1080.00,813.08,604.20,6619.15,5.37,5360.83,4.35,243.40

,396.2 11
GANDHI SAGAR,MADHYA PRADESH,399.90,1312.01,387.17,1270.24,-OCT-07,1299.87,381.00,1250.00,420.48,725.00,109.68,6911.19,5.60,1254.20,1.02,49.44


INDIRA SAGAR,MADHYA PRADESH,262.14,860.04,255.31,837.63,258.24,847.24,243.24,798.03,2628.00,1316.12,591.62,9706.00,7.87,4488.69,3.64,770.95


BHIRA,MAHARASHTRA,606.03,1988.29,605.99,1988.16,605.87,1987.76,590.09,1935.99,790.00,618.80,615.64,522.76,0.42,520.10,0.42,92.24

,657.91
KOYNA,MAHARASHTRA,657.91,2158.50,657.91,2158.49 11-OCT-07,2158.50,609.60,2000.00,3130.00,3126.10,3125.68,2677.14,2.17,2676.90,2.17,1857.54

,837.29
MACHKUND,ANDHRA PRADESH,838.20,2750.00,836.75,2745.24 11-OCT-07,2747.01,513.59,1685.01,670.00,551.60,479.84,892.55,0.72,776.43,0.63,411.09

,179.74
NAGARJUN SAGAR,ANDHRA PRADESH,179.83,589.99,179.13,587.70 11-OCT-07,589.70,150.88,495.01,2237.00,1398.13,1347.90,6537.80,5.30,6331.55,5.13,690.92

,269.2 11
SRISAILAM,ANDHRA PRADESH,269.75,885.01,268.29,880.22,-OCT-07,883.20,243.84,800.00,4300.00,1391.84,1225.38,7105.96,5.76,6308.62,5.11,1124.58

,519.6 11
ALMATTI,KARNATAKA,519.62,1704.79,519.60,1704.72,-OCT-07,1704.72,505.97,1660.01,483.00,175.35,2631.50,2.13,267.50

,561.15,133260.00
KALINDI SUPA,KARNATAKA,563.88,1850.00,549.25,1802.00 11-OCT-07,1841.04,513.52,1684.78,542.00,2885.00,1659.05,108.04,76318.46,61.87,231.33
,DAILY REPORT OF HYDRO RESERVOIRS FOR,13-Oct-2008,2
,FULL,PRESENT,RESERVIOR,MIN. DRAW,ANNUAL,ENERGY ENERGY,EFF.,EFF. CAP,CUMMULATIVE
,RESERVOIR,RESERVOIR,LEVEL ON,DOWN,DESIGN,CONTENT CONTENT,CAP.,AT,ENERGY
,RESERVOIR,STATE,LEVEL,LEVEL,THE SAME,LEVEL,POTEN-,AT,AT,AT,PRESENT,GEN. FROM
,DAY LAST,TIAL,F.R.L. PRESENT,F.R.L.,LEVEL,1ST. OF
,YEAR,LEVEL,THE MONTH

,M,FT,M,FT,M,FT,M,FT,MU,MU,MU,MCM,MAFT,MCM,MAFT
,554.27
SHARAVATHY,KARNATAKA,554.43,1819.00,551.08,1808.01 11-OCT-07,1818.47,522.73,1714.99,5564.00,4557.03,3526.22,4297.08,3.48,3325.07,2.70,3097.51

,168.65
IDAMALAYAR,KERALA,169.00,554.46,152.74,501.12 11-OCT-07,553.31,114.99,377.26,380.00,254.45,144.76,1017.80,0.83,581.56,0.47,182.63

,730.62
IDUKKI,KERALA,732.35,2402.72,717.47,2353.90 11-OCT-07,2397.05,694.94,2279.99,2398.00,2146.32,1058.53,1459.50,1.18,719.80,0.58,1419.00

,1599.38
MADUPATTY,KERALA,1599.38,5247.31,1599.38,5247.31 11-OCT-07,5247.31,1554.48,5100.00,6.40,77.40,77.39,55.32,0.04,55.31,0.04,0.30

,980.75
SABRIGRI,KERALA,981.46,3220.01,979.35,3213.09 11-OCT-07,3217.68,908.30,2979.99,1338.00,764.00,677.38,446.26,0.36,420.74,0.34,447.43

,1447 11-
KUNDAH GROUP,TAMIL NADU,2782.15,OCT-07,4747.38,1315.00,1270.00,848.00,346.50,0.28,1780.73

,238.62
METTURE,TAMIL NADU,240.79,789.99,225.16,738.71 11-OCT-07,782.87,211.23,693.01,790.00,204.00,47.57,2504.70,2.03,742.83,0.60,3490.52

,39.11 11
PERIYAR,TAMIL NADU,46.33,152.00,35.78,117.39,-OCT-07,128.31,33.53,110.01,409.00,216.00,27.55,273.51,0.22,35.28,0.03,267.73

,461.41
BALIMELA,ORISSA,462.08,1516.01,450.86,1479.20 11-OCT-07,1513.81,438.91,1439.99,1183.00,897.75,349.51,2675.96,2.17,1041.79,0.84,559.27

,192.01
HIRAKUD,ORISSA,192.02,629.99,191.60,628.60 11-OCT-07,629.95,179.83,589.99,1174.00,372.28,347.71,4709.43,3.82,4443.00,3.60,694.54

,641.65
INDRAVATI,ORISSA,641.84,2105.77,640.40,2101.05 11-OCT-07,2105.15,625.00,2050.52,1962.00,1213.13,831.54,1485.50,1.20,1318.13,1.07,1153.08

,123.44
RENGALI,ORISSA,123.44,404.99,123.13,403.97 11-OCT-07,404.99,109.72,359.97,525.00,275.00,246.68,3167.81,2.57,3047.82,2.47,624.08

,856.78
UPPER KOLAB,ORISSA,857.78,2814.24,853.23,2799.31 11-OCT-07,2810.96,843.78,2768.31,832.00,540.00,289.87,935.00,0.76,515.43,0.42,341.51

,768.5 11
LOKTAK,MANIPUR,768.50,2521.33,768.50,2521.33,-OCT-07,2521.33,766.01,2513.16,450.00,250.00,0.00,0.00,275.39



** BHAKRA - POTENTIAL OF 5282 MU INCLUDES THOSE OF GANGWAL AND KOTLA STATIONS AND CORRESPONDS TO A DRY YEAR. THE POTENTIAL FOR A DEPENDABLE YEAR IS 6057 MU.
*** INCLUDES GANGUWAL & KOTLA.
$ UKAI - THE POTENTIAL FOR DEPENDABLE YEAR DURING THE INITIAL YEAR IS 1080 MU AND WOULD REDUCE TO 605 MU AS AND WHEN UPSTREAM IRRIGATION DEVELOPS.
$$ ENERGY CONTENT AT GANDHI SAGAR INCLUDES FOR GENERATION AT R.P.SAGAR AND JAWAHAR SAGAR.
@ KOYNA - POTENTIAL OF 3523 MU IS CORRESPONDING TO 87 TMC OF WATER AVAILABLE FOR POWER GENERATION AS PER KRISHNA WATER DISPUTE TRIBUNAL AWARD FOR KOYNA I,II,III & IV.
* RANJIT SAGAR - ENERGY CONTENT AT F.R.L. WORKED OUT CONSIDERING NIL INFLOW IN THE RESERVIOR.
,DAILY REPORT OF HYDRO RESERVOIRS FOR,14-Oct-2008,1
,FULL,PRESENT,RESERVIOR,MIN. DRAW,ANNUAL,ENERGY ENERGY,EFF.,EFF. CAP,CUMMULATIVE
,RESERVOIR,RESERVOIR,LEVEL ON,DOWN,DESIGN,CONTENT CONTENT,CAP.,AT,ENERGY
,RESERVOIR,STATE,LEVEL,LEVEL,THE SAME,LEVEL,POTEN-,AT,AT,AT,PRESENT,GEN. FROM
,DAY LAST,TIAL,F.R.L. PRESENT,F.R.L.,LEVEL,1ST. OF
,YEAR,LEVEL,THE MONTH

,M,FT,M,FT,M,FT,M,FT,MU,MU,MU,MCM,MAFT,MCM,MAFT

BHAKRA,PUNJAB,513.59,1685.01,505.24,1657.61,503.86,1653.08,445.62,1462.01,5282.00,1728.80,1327.17,6516.07,5.28,5179.84,4.20,3211.01


PONG,PUNJAB,426.72,1400.00,422.80,1387.15,412.14,1352.17,384.05,1260.01,1123.00,1084.00,7062.62,6946.00,5.63,5955.47,4.83,575.85


RANJIT SAGAR,PUNJAB,527.91,1731.99,513.59,1685.01,510.45,1674.70,487.91,1600.75,1507.00,390.30,255.23,7199.17,5.84,1172.98,0.95,1082.50


R.P. SAGAR,RAJASTHAN,352.81,1157.51,352.69,1157.13,350.9,1151.25,343.81,1127.99,459.00,175.66,170.33,1568.98,1.27,1549.81,1.26,84.70


RIHAND,UTTAR PRADESH,268.22,879.99,261.64,858.40,259.39,851.02,252.98,829.99,920.00,860.50,397.30,5845.50,4.74,2956.52,2.40,233.19


RAM GANGA,UTTARAKHAND,366.00,1200.79,356.33,1169.06,359.65,1179.95,323.00,1059.71,164.00,480.80,311.36,2109.25,1.71,1467.96,1.19,114.88

,815.75
TEHRI,UTTARAKHAND,829.79,2722.41,819.95,2690.12 07-OCT-07,2676.35,740.04,2427.95,309.00,1291.49,1060.67,2615.00,2.12,2223.24,1.80,2033.95


SARDAR SAROVAR,GUJARAT,138.68,454.99,121.20,397.64,119.97,393.60,110.84,363.65,5469.00,1817.55,382.51,5760.00,4.67,1435.50,1.16,1310.01


UKAI,GUJARAT,105.16,345.01,102.18,335.25,104.87,344.06,82.30,270.01,1080.00,813.08,602.08,6619.15,5.37,5345.59,4.33,244.92


GANDHI SAGAR,MADHYA PRADESH,399.90,1312.01,387.14,1270.16,396.07,1299.44,381.00,1250.00,420.48,725.00,109.12,6911.19,5.60,1247.30,1.01,49.44


INDIRA SAGAR,MADHYA PRADESH,262.14,860.04,255.21,837.30,258.24,847.24,243.24,798.03,2628.00,1316.12,583.42,9706.00,7.87,4429.63,3.59,779.07

,605.87
BHIRA,MAHARASHTRA,606.03,1988.29,605.99,1988.16 13-OCT-07,1987.76,590.09,1935.99,790.00,618.80,615.64,522.76,0.42,520.10,0.42,92.45


KOYNA,MAHARASHTRA,657.91,2158.50,657.76,2158.00,657.91,2158.50,609.60,2000.00,3130.00,3126.10,3104.07,2677.14,2.17,2656.43,2.15,1863.40


MACHKUND,ANDHRA PRADESH,838.20,2750.00,836.75,2745.24,837.36,2747.24,513.59,1685.01,670.00,551.60,479.84,892.55,0.72,776.43,0.63,412.39


NAGARJUN SAGAR,ANDHRA PRADESH,179.83,589.99,179.25,588.09,179.53,589.01,150.88,495.01,2237.00,1398.13,1356.18,6537.80,5.30,6365.58,5.16,698.24


SRISAILAM,ANDHRA PRADESH,269.75,885.01,268.10,879.59,268.86,882.09,243.84,800.00,4300.00,1391.84,1204.95,7105.96,5.76,6203.74,5.03,1133.40


ALMATTI,KARNATAKA,519.62,1704.79,519.60,1704.72,519.6,1704.72,505.97,1660.01,483.00,175.35,2631.50,2.13,270.01

,133260.00
KALINDI SUPA,KARNATAKA,563.88,1850.00,549.20,1801.84,560.97,1840.45,513.52,1684.78,542.00,2885.00,1655.45,108.04,76153.46,61.74,233.40


SHARAVATHY,KARNATAKA,554.43,1819.00,551.05,1807.91,554.16,1818.11,522.73,1714.99,5564.00,4557.03,3517.90,4297.08,3.48,3317.22,2.69,3109.19


IDAMALAYAR,KERALA,169.00,554.46,152.64,500.79,168.44,552.62,114.99,377.26,380.00,254.45,144.18,1017.80,0.83,579.31,0.47,184.23


IDUKKI,KERALA,732.35,2402.72,717.48,2353.94,730.29,2395.96,694.94,2279.99,2398.00,2146.32,1059.12,1459.50,1.18,720.20,0.58,1423.35
,DAILY REPORT OF HYDRO RESERVOIRS FOR,14-Oct-2008,2
,FULL,PRESENT,RESERVIOR,MIN. DRAW,ANNUAL,ENERGY ENERGY,EFF.,EFF. CAP,CUMMULATIVE
,RESERVOIR,RESERVOIR,LEVEL ON,DOWN,DESIGN,CONTENT CONTENT,CAP.,AT,ENERGY
,RESERVOIR,STATE,LEVEL,LEVEL,THE SAME,LEVEL,POTEN-,AT,AT,AT,PRESENT,GEN. FROM
,DAY LAST,TIAL,F.R.L. PRESENT,F.R.L.,LEVEL,1ST. OF
,YEAR,LEVEL,THE MONTH

,M,FT,M,FT,M,FT,M,FT,MU,MU,MU,MCM,MAFT,MCM,MAFT

MADUPATTY,KERALA,1599.38,5247.31,1599.38,5247.31,1599.38,5247.31,1554.48,5100.00,6.40,77.40,77.39,55.32,0.04,55.31,0.04,0.30

,980.75
SABRIGRI,KERALA,981.46,3220.01,979.35,3213.09 11-OCT-07,3217.68,908.30,2979.99,1338.00,764.00,677.38,446.26,0.36,420.74,0.34,450.17


KUNDAH GROUP,TAMIL NADU,2778.87,1443,4734.25,1315.00,1270.00,847.00,346.50,0.28,1790.26


METTURE,TAMIL NADU,240.79,789.99,224.99,738.16,237.8,780.18,211.23,693.01,790.00,204.00,46.73,2504.70,2.03,737.44,0.60,3504.99


PERIYAR,TAMIL NADU,46.33,152.00,35.72,117.19,39.08,128.22,33.53,110.01,409.00,216.00,26.77,273.51,0.22,34.28,0.03,269.21


BALIMELA,ORISSA,462.08,1516.01,450.87,1479.24,461.46,1513.98,438.91,1439.99,1183.00,897.75,349.97,2675.96,2.17,1043.14,0.85,561.40


HIRAKUD,ORISSA,192.02,629.99,191.57,628.50,192,629.92,179.83,589.99,1174.00,372.28,345.95,4709.43,3.82,4422.65,3.59,698.85


INDRAVATI,ORISSA,641.84,2105.77,640.30,2100.72,641.55,2104.82,625.00,2050.52,1962.00,1213.13,804.97,1485.50,1.20,1306.47,1.06,1165.68


RENGALI,ORISSA,123.44,404.99,123.04,403.67,123.35,404.69,109.72,359.97,525.00,275.00,238.56,3167.81,2.57,3013.45,2.44,627.67


UPPER KOLAB,ORISSA,857.78,2814.24,853.20,2799.21,856.62,2810.43,843.78,2768.31,832.00,540.00,287.88,935.00,0.76,512.73,0.42,343.11


LOKTAK,MANIPUR,768.50,2521.33,768.50,2521.33,768.5,2521.33,766.01,2513.16,450.00,250.00,0.00,0.00,277.60


** BHAKRA - POTENTIAL OF 5282 MU INCLUDES THOSE OF GANGWAL AND KOTLA STATIONS AND CORRESPONDS TO A DRY YEAR. THE POTENTIAL FOR A DEPENDABLE YEAR IS 6057 MU.
*** INCLUDES GANGUWAL & KOTLA.
$ UKAI - THE POTENTIAL FOR DEPENDABLE YEAR DURING THE INITIAL YEAR IS 1080 MU AND WOULD REDUCE TO 605 MU AS AND WHEN UPSTREAM IRRIGATION DEVELOPS.
$$ ENERGY CONTENT AT GANDHI SAGAR INCLUDES FOR GENERATION AT R.P.SAGAR AND JAWAHAR SAGAR.
@ KOYNA - POTENTIAL OF 3523 MU IS CORRESPONDING TO 87 TMC OF WATER AVAILABLE FOR POWER GENERATION AS PER KRISHNA WATER DISPUTE TRIBUNAL AWARD FOR KOYNA I,II,III & IV.
* RANJIT SAGAR - ENERGY CONTENT AT F.R.L. WORKED OUT CONSIDERING NIL INFLOW IN THE RESERVIOR.
,DAILY REPORT OF HYDRO RESERVOIRS FOR,15-Oct-2008,1
,FULL,PRESENT,RESERVIOR,MIN. DRAW,ANNUAL,ENERGY ENERGY,EFF.,EFF. CAP,CUMMULATIVE
,RESERVOIR,RESERVOIR,LEVEL ON,DOWN,DESIGN,CONTENT CONTENT,CAP.,AT,ENERGY
,RESERVOIR,STATE,LEVEL,LEVEL,THE SAME,LEVEL,POTEN-,AT,AT,AT,PRESENT,GEN. FROM
,DAY LAST,TIAL,F.R.L. PRESENT,F.R.L.,LEVEL,1ST. OF
,YEAR,LEVEL,THE MONTH

,M,FT,M,FT,M,FT,M,FT,MU,MU,MU,MCM,MAFT,MCM,MAFT

BHAKRA,PUNJAB,513.59,1685.01,510.62,1675.27,503.78,1652.82,445.62,1462.01,5282.00,1728.80,1575.50,6516.07,5.28,6012.62,4.87,3229.79


PONG,PUNJAB,426.72,1400.00,422.75,1386.96,411.96,1351.57,384.05,1260.01,1123.00,1084.00,7048.55,6946.00,5.63,5941.40,4.82,580.43


RANJIT SAGAR,PUNJAB,527.91,1731.99,513.65,1685.20,510.36,1674.41,487.91,1600.75,1507.00,390.30,255.80,7199.17,5.84,1176.63,0.95,1083.21


R.P. SAGAR,RAJASTHAN,352.81,1157.51,351.21,1152.26,350.91,1151.28,343.81,1127.99,459.00,175.66,135.21,1568.98,1.27,1258.42,1.02,84.70


RIHAND,UTTAR PRADESH,268.22,879.99,261.64,858.40,259.42,851.12,252.98,829.99,920.00,860.50,397.30,5845.50,4.74,2956.52,2.40,235.01


RAM GANGA,UTTARAKHAND,366.00,1200.79,356.40,1169.29,359.72,1180.18,323.00,1059.71,164.00,480.80,312.64,2109.25,1.71,1473.11,1.19,114.88

,815.75
TEHRI,UTTARAKHAND,829.79,2722.41,740.04,2427.95 07-OCT-07,2676.35,740.04,2427.95,309.00,1291.49,0.26,2615.00,2.12,0.74,0.00,2039.36


SARDAR SAROVAR,GUJARAT,138.68,454.99,121.39,398.26,120.17,394.26,110.84,363.65,5469.00,1817.55,392.79,5760.00,4.67,1469.90,1.19,1310.01


UKAI,GUJARAT,105.16,345.01,102.15,335.15,104.83,343.93,82.30,270.01,1080.00,813.08,600.32,6619.15,5.37,5332.88,4.32,246.59


GANDHI SAGAR,MADHYA PRADESH,399.90,1312.01,387.12,1270.08,396.03,1299.31,381.00,1250.00,420.48,725.00,108.56,6911.19,5.60,1240.39,1.01,49.75

,258.24
INDIRA SAGAR,MADHYA PRADESH,262.14,860.04,255.13,837.04 13-OCT-07,847.24,243.24,798.03,2628.00,1316.12,576.92,9706.00,7.87,4384.52,3.55,787.96

,605.87
BHIRA,MAHARASHTRA,606.03,1988.29,605.99,1988.16 13-OCT-07,1987.76,590.09,1935.99,790.00,618.80,615.64,522.76,0.42,520.10,0.42,92.77


KOYNA,MAHARASHTRA,657.91,2158.50,657.91,2158.49,657.91,2158.50,609.60,2000.00,3130.00,3126.10,3125.68,2677.14,2.17,2676.90,2.17,1865.33


MACHKUND,ANDHRA PRADESH,838.20,2750.00,836.75,2745.24,837.42,2747.44,513.59,1685.01,670.00,551.60,479.84,892.55,0.72,776.43,0.63,413.69


NAGARJUN SAGAR,ANDHRA PRADESH,179.83,589.99,179.31,588.29,179.44,588.71,150.88,495.01,2237.00,1398.13,1360.43,6537.80,5.30,6383.02,5.17,706.67


SRISAILAM,ANDHRA PRADESH,269.75,885.01,268.01,879.30,268.71,881.59,243.84,800.00,4300.00,1391.84,1195.40,7105.96,5.76,6154.53,4.99,1146.06


ALMATTI,KARNATAKA,519.62,1704.79,519.60,1704.72,519.6,1704.72,505.97,1660.01,483.00,175.35,2631.50,2.13,271.80

,133260.00
KALINDI SUPA,KARNATAKA,563.88,1850.00,549.10,1801.51,560.9,1840.22,513.52,1684.78,542.00,2885.00,1648.25,108.04,75823.46,61.47,234.96


SHARAVATHY,KARNATAKA,554.43,1819.00,551.02,1807.81,554.13,1818.01,522.73,1714.99,5564.00,4557.03,3509.48,4297.08,3.48,3309.28,2.68,3121.39


IDAMALAYAR,KERALA,169.00,554.46,152.38,499.93,168.61,553.18,114.99,377.26,380.00,254.45,142.68,1017.80,0.83,573.46,0.46,185.80
,DAILY REPORT OF HYDRO RESERVOIRS FOR,15-Oct-2008,2
,FULL,PRESENT,RESERVIOR,MIN. DRAW,ANNUAL,ENERGY ENERGY,EFF.,EFF. CAP,CUMMULATIVE
,RESERVOIR,RESERVOIR,LEVEL ON,DOWN,DESIGN,CONTENT CONTENT,CAP.,AT,ENERGY
,RESERVOIR,STATE,LEVEL,LEVEL,THE SAME,LEVEL,POTEN-,AT,AT,AT,PRESENT,GEN. FROM
,DAY LAST,TIAL,F.R.L. PRESENT,F.R.L.,LEVEL,1ST. OF
,YEAR,LEVEL,THE MONTH

,M,FT,M,FT,M,FT,M,FT,MU,MU,MU,MCM,MAFT,MCM,MAFT

IDUKKI,KERALA,732.35,2402.72,717.44,2353.81,730.51,2396.69,694.94,2279.99,2398.00,2146.32,1056.78,1459.50,1.18,718.61,0.58,1429.65


MADUPATTY,KERALA,1599.38,5247.31,1599.38,5247.31,1599.38,5247.31,1554.48,5100.00,6.40,77.40,77.39,55.32,0.04,55.31,0.04,0.30


SABRIGRI,KERALA,981.46,3220.01,979.35,3213.09,980.75,3217.68,908.30,2979.99,1338.00,764.00,677.38,446.26,0.36,420.74,0.34,452.93


KUNDAH GROUP,TAMIL NADU,2778.87,1426,4678.48,1315.00,1270.00,847.00,346.50,0.28,1795.17


METTURE,TAMIL NADU,240.79,789.99,225.06,738.39,237.49,779.17,211.23,693.01,790.00,204.00,47.08,2504.70,2.03,739.66,0.60,3515.37


PERIYAR,TAMIL NADU,46.33,152.00,35.72,117.19,39.11,128.31,33.53,110.01,409.00,216.00,26.77,273.51,0.22,34.28,0.03,270.73


BALIMELA,ORISSA,462.08,1516.01,450.86,1479.20,461.44,1513.91,438.91,1439.99,1183.00,897.75,349.51,2675.96,2.17,1041.79,0.84,563.51


HIRAKUD,ORISSA,192.02,629.99,191.53,628.39,191.99,629.89,179.83,589.99,1174.00,372.28,344.02,4709.43,3.82,4400.26,3.57,703.02


INDRAVATI,ORISSA,641.84,2105.77,640.24,2100.52,641.5,2104.66,625.00,2050.52,1962.00,1213.13,789.01,1485.50,1.20,1299.47,1.05,1176.81


RENGALI,ORISSA,123.44,404.99,123.03,403.64,123.26,404.40,109.72,359.97,525.00,275.00,237.66,3167.81,2.57,3009.60,2.44,631.28


UPPER KOLAB,ORISSA,857.78,2814.24,853.20,2799.21,856.58,2810.30,843.78,2768.31,832.00,540.00,287.88,935.00,0.76,512.73,0.42,344.76


LOKTAK,MANIPUR,768.50,2521.33,768.50,2521.33,768.5,2521.33,766.01,2513.16,450.00,250.00,0.00,0.00,279.81


** BHAKRA - POTENTIAL OF 5282 MU INCLUDES THOSE OF GANGWAL AND KOTLA STATIONS AND CORRESPONDS TO A DRY YEAR. THE POTENTIAL FOR A DEPENDABLE YEAR IS 6057 MU.
*** INCLUDES GANGUWAL & KOTLA.
$ UKAI - THE POTENTIAL FOR DEPENDABLE YEAR DURING THE INITIAL YEAR IS 1080 MU AND WOULD REDUCE TO 605 MU AS AND WHEN UPSTREAM IRRIGATION DEVELOPS.
$$ ENERGY CONTENT AT GANDHI SAGAR INCLUDES FOR GENERATION AT R.P.SAGAR AND JAWAHAR SAGAR.
@ KOYNA - POTENTIAL OF 3523 MU IS CORRESPONDING TO 87 TMC OF WATER AVAILABLE FOR POWER GENERATION AS PER KRISHNA WATER DISPUTE TRIBUNAL AWARD FOR KOYNA I,II,III & IV.
* RANJIT SAGAR - ENERGY CONTENT AT F.R.L. WORKED OUT CONSIDERING NIL INFLOW IN THE RESERVIOR.
,DAILY REPORT OF HYDRO RESERVOIRS FOR,16-Oct-2008,1
,FULL,PRESENT,RESERVIOR,MIN. DRAW,ANNUAL,ENERGY ENERGY,EFF.,EFF. CAP,CUMMULATIVE
,RESERVOIR,RESERVOIR,LEVEL ON,DOWN,DESIGN,CONTENT CONTENT,CAP.,AT,ENERGY
,RESERVOIR,STATE,LEVEL,LEVEL,THE SAME,LEVEL,POTEN-,AT,AT,AT,PRESENT,GEN. FROM
,DAY LAST,TIAL,F.R.L. PRESENT,F.R.L.,LEVEL,1ST. OF
,YEAR,LEVEL,THE MONTH

,M,FT,M,FT,M,FT,M,FT,MU,MU,MU,MCM,MAFT,MCM,MAFT

BHAKRA,PUNJAB,513.59,1685.01,510.50,1674.86,503.72,1652.62,445.62,1462.01,5282.00,1728.80,1569.81,6516.07,5.28,5993.08,4.86,3248.45


PONG,PUNJAB,426.72,1400.00,422.68,1386.75,411.79,1351.02,384.05,1260.01,1123.00,1084.00,7033.00,6946.00,5.63,5925.85,4.80,585.19


RANJIT SAGAR,PUNJAB,527.91,1731.99,513.74,1685.50,510.25,1674.05,487.91,1600.75,1507.00,390.30,256.67,7199.17,5.84,1182.14,0.96,1083.59


R.P. SAGAR,RAJASTHAN,352.81,1157.51,352.71,1157.19,350.91,1151.28,343.81,1127.99,459.00,175.66,171.20,1568.98,1.27,1552.92,1.26,84.70


RIHAND,UTTAR PRADESH,268.22,879.99,261.64,858.40,259.42,851.12,252.98,829.99,920.00,860.50,397.30,5845.50,4.74,2956.52,2.40,236.87


RAM GANGA,UTTARAKHAND,366.00,1200.79,356.45,1169.46,359.78,1180.38,323.00,1059.71,164.00,480.80,313.56,2109.25,1.71,1476.80,1.20,114.88

,815.75
TEHRI,UTTARAKHAND,829.79,2722.41,740.04,2427.95 07-OCT-07,2676.35,740.04,2427.95,309.00,1291.49,0.26,2615.00,2.12,0.74,0.00,2044.27

,120.17
SARDAR SAROVAR,GUJARAT,138.68,454.99,121.39,398.26 15-OCT-07,394.26,110.84,363.65,5469.00,1817.55,392.79,5760.00,4.67,1469.90,1.19,1310.01


UKAI,GUJARAT,105.16,345.01,102.12,335.04,104.8,343.83,82.30,270.01,1080.00,813.08,598.38,6619.15,5.37,5318.91,4.31,248.39


GANDHI SAGAR,MADHYA PRADESH,399.90,1312.01,387.12,1270.08,395.99,1299.18,381.00,1250.00,420.48,725.00,108.56,6911.19,5.60,1240.39,1.01,49.75


INDIRA SAGAR,MADHYA PRADESH,262.14,860.04,255.04,836.75,257.92,846.19,243.24,798.03,2628.00,1316.12,569.95,9706.00,7.87,4346.89,3.52,792.03

,605.87
BHIRA,MAHARASHTRA,606.03,1988.29,605.99,1988.16 13-OCT-07,1987.76,590.09,1935.99,790.00,618.80,615.64,522.76,0.42,520.10,0.42,93.09

,657.91
KOYNA,MAHARASHTRA,657.91,2158.50,657.91,2158.49 15-OCT-07,2158.50,609.60,2000.00,3130.00,3126.10,3125.68,2677.14,2.17,2676.90,2.17,1868.86


MACHKUND,ANDHRA PRADESH,838.20,2750.00,836.75,2745.24,837.45,2747.54,513.59,1685.01,670.00,551.60,479.84,892.55,0.72,776.43,0.63,414.99


NAGARJUN SAGAR,ANDHRA PRADESH,179.83,589.99,179.44,588.71,179.41,588.62,150.88,495.01,2237.00,1398.13,1369.69,6537.80,5.30,6421.03,5.21,713.22


SRISAILAM,ANDHRA PRADESH,269.75,885.01,267.92,879.00,268.65,881.40,243.84,800.00,4300.00,1391.84,1185.84,7105.96,5.76,6105.33,4.95,1157.89

,519.6 15
ALMATTI,KARNATAKA,519.62,1704.79,519.60,1704.72,-OCT-07,1704.72,505.97,1660.01,483.00,175.35,2631.50,2.13,273.71


,133260.00
KALINDI SUPA,KARNATAKA,563.88,1850.00,549.05,1801.35,560.84,1840.03,513.52,1684.78,542.00,2885.00,1644.65,108.04,75658.46,61.34,236.76


SHARAVATHY,KARNATAKA,554.43,1819.00,550.99,1807.71,554.08,1817.85,522.73,1714.99,5564.00,4557.03,3501.15,4297.08,3.48,3301.43,2.68,3133.44


IDAMALAYAR,KERALA,169.00,554.46,152.20,499.34,168.28,552.10,114.99,377.26,380.00,254.45,141.64,1017.80,0.83,569.40,0.46,186.99
,DAILY REPORT OF HYDRO RESERVOIRS FOR,16-Oct-2008,2
,FULL,PRESENT,RESERVIOR,MIN. DRAW,ANNUAL,ENERGY ENERGY,EFF.,EFF. CAP,CUMMULATIVE
,RESERVOIR,RESERVOIR,LEVEL ON,DOWN,DESIGN,CONTENT CONTENT,CAP.,AT,ENERGY
,RESERVOIR,STATE,LEVEL,LEVEL,THE SAME,LEVEL,POTEN-,AT,AT,AT,PRESENT,GEN. FROM
,DAY LAST,TIAL,F.R.L. PRESENT,F.R.L.,LEVEL,1ST. OF
,YEAR,LEVEL,THE MONTH

,M,FT,M,FT,M,FT,M,FT,MU,MU,MU,MCM,MAFT,MCM,MAFT

IDUKKI,KERALA,732.35,2402.72,717.43,2353.77,730.21,2395.70,694.94,2279.99,2398.00,2146.32,1056.18,1459.50,1.18,718.20,0.58,1435.96


MADUPATTY,KERALA,1599.38,5247.31,1599.38,5247.31,1599.38,5247.31,1554.48,5100.00,6.40,77.40,77.39,55.32,0.04,55.31,0.04,0.30


SABRIGRI,KERALA,981.46,3220.01,979.35,3213.09,980.7,3217.52,908.30,2979.99,1338.00,764.00,677.38,446.26,0.36,420.74,0.34,455.68


KUNDAH GROUP,TAMIL NADU,2798.56,1418,4652.23,1315.00,1270.00,853.00,346.50,0.28,1799.85


METTURE,TAMIL NADU,240.79,789.99,225.36,739.37,237.18,778.15,211.23,693.01,790.00,204.00,48.74,2504.70,2.03,759.76,0.62,3528.63


PERIYAR,TAMIL NADU,46.33,152.00,36.00,118.11,39.14,128.41,33.53,110.01,409.00,216.00,30.66,273.51,0.22,38.96,0.03,272.28


BALIMELA,ORISSA,462.08,1516.01,450.86,1479.20,461.41,1513.81,438.91,1439.99,1183.00,897.75,349.51,2675.96,2.17,1041.79,0.84,566.21


HIRAKUD,ORISSA,192.02,629.99,191.51,628.31,191.96,629.79,179.83,589.99,1174.00,372.28,342.61,4709.43,3.82,4383.98,3.55,707.27


INDRAVATI,ORISSA,641.84,2105.77,640.17,2100.30,641.42,2104.40,625.00,2050.52,1962.00,1213.13,770.38,1485.50,1.20,1291.30,1.05,1185.97


RENGALI,ORISSA,123.44,404.99,122.97,403.44,123.16,404.07,109.72,359.97,525.00,275.00,232.24,3167.81,2.57,2986.65,2.42,634.89


UPPER KOLAB,ORISSA,857.78,2814.24,853.18,2799.15,856.52,2810.10,843.78,2768.31,832.00,540.00,286.54,935.00,0.76,510.90,0.41,346.80


LOKTAK,MANIPUR,768.50,2521.33,768.50,2521.33,768.5,2521.33,766.01,2513.16,450.00,250.00,0.00,0.00,282.00


** BHAKRA - POTENTIAL OF 5282 MU INCLUDES THOSE OF GANGWAL AND KOTLA STATIONS AND CORRESPONDS TO A DRY YEAR. THE POTENTIAL FOR A DEPENDABLE YEAR IS 6057 MU.
*** INCLUDES GANGUWAL & KOTLA.
$ UKAI - THE POTENTIAL FOR DEPENDABLE YEAR DURING THE INITIAL YEAR IS 1080 MU AND WOULD REDUCE TO 605 MU AS AND WHEN UPSTREAM IRRIGATION DEVELOPS.
$$ ENERGY CONTENT AT GANDHI SAGAR INCLUDES FOR GENERATION AT R.P.SAGAR AND JAWAHAR SAGAR.
@ KOYNA - POTENTIAL OF 3523 MU IS CORRESPONDING TO 87 TMC OF WATER AVAILABLE FOR POWER GENERATION AS PER KRISHNA WATER DISPUTE TRIBUNAL AWARD FOR KOYNA I,II,III & IV.
* RANJIT SAGAR - ENERGY CONTENT AT F.R.L. WORKED OUT CONSIDERING NIL INFLOW IN THE RESERVIOR.
,DAILY REPORT OF HYDRO RESERVOIRS FOR,19-Oct-2008,1
,FULL,PRESENT,RESERVIOR,MIN. DRAW,ANNUAL,ENERGY ENERGY,EFF.,EFF. CAP,CUMMULATIVE
,RESERVOIR,RESERVOIR,LEVEL ON,DOWN,DESIGN,CONTENT CONTENT,CAP.,AT,ENERGY
,RESERVOIR,STATE,LEVEL,LEVEL,THE SAME,LEVEL,POTEN-,AT,AT,AT,PRESENT,GEN. FROM
,DAY LAST,TIAL,F.R.L. PRESENT,F.R.L.,LEVEL,1ST. OF
,YEAR,LEVEL,THE MONTH

,M,FT,M,FT,M,FT,M,FT,MU,MU,MU,MCM,MAFT,MCM,MAFT
,503.56
BHAKRA,PUNJAB,513.59,1685.01,510.26,1674.07 18-OCT-07,1652.10,445.62,1462.01,5282.00,1728.80,1558.59,6516.07,5.28,5955.41,4.83,3303.86

,411.43
PONG,PUNJAB,426.72,1400.00,422.57,1386.39 18-OCT-07,1349.84,384.05,1260.01,1123.00,1084.00,7006.35,6946.00,5.63,5899.20,4.78,597.86

,510.12
RANJIT SAGAR,PUNJAB,527.91,1731.99,513.78,1685.63 18-OCT-07,1673.62,487.91,1600.75,1507.00,390.30,257.05,7199.17,5.84,1184.57,0.96,1087.33

,350.95
R.P. SAGAR,RAJASTHAN,352.81,1157.51,352.70,1157.16 18-OCT-07,1151.41,343.81,1127.99,459.00,175.66,170.76,1568.98,1.27,1551.37,1.26,84.70

,259.36
RIHAND,UTTAR PRADESH,268.22,879.99,261.52,858.00 18-OCT-07,850.92,252.98,829.99,920.00,860.50,390.75,5845.50,4.74,2909.76,2.36,241.69

,359.91
RAM GANGA,UTTARAKHAND,366.00,1200.79,356.47,1169.52 18-OCT-07,1180.81,323.00,1059.71,164.00,480.80,313.93,2109.25,1.71,1478.28,1.20,114.88

,815.75
TEHRI,UTTARAKHAND,829.79,2722.41,820.00,2690.29 30-OCT-07,2676.35,740.04,2427.95,309.00,1291.49,1061.74,2615.00,2.12,2225.10,1.80,2058.19


SARDAR SAROVAR,GUJARAT,138.68,454.99,121.45,398.46,120.63,395.77,110.84,363.65,5469.00,1817.55,396.04,5760.00,4.67,1480.78,1.20,1312.80

,104.7 18
UKAI,GUJARAT,105.16,345.01,102.00,334.65,-OCT-07,343.50,82.30,270.01,1080.00,813.08,591.49,6619.15,5.37,5269.36,4.27,253.71

,395.9 18
GANDHI SAGAR,MADHYA PRADESH,399.90,1312.01,387.08,1269.95,-OCT-07,1298.88,381.00,1250.00,420.48,725.00,107.65,6911.19,5.60,1229.47,1.00,49.86


INDIRA SAGAR,MADHYA PRADESH,262.14,860.04,254.99,836.58,255.72,838.98,243.24,798.03,2628.00,1316.12,566.09,9706.00,7.87,4326.04,3.51,805.03


BHIRA,MAHARASHTRA,606.03,1988.29,605.76,1987.40,605.57,1986.78,590.09,1935.99,790.00,618.80,604.66,522.76,0.42,510.82,0.41,93.54

,657.91
KOYNA,MAHARASHTRA,657.91,2158.50,657.76,2158.00 18-OCT-07,2158.50,609.60,2000.00,3130.00,3126.10,3104.07,2677.14,2.17,2656.43,2.15,1880.75

,837.54
MACHKUND,ANDHRA PRADESH,838.20,2750.00,836.72,2745.14 18-OCT-07,2747.83,513.59,1685.01,670.00,551.60,478.35,892.55,0.72,774.02,0.63,418.89

,179.65
NAGARJUN SAGAR,ANDHRA PRADESH,179.83,589.99,179.41,588.62 18-OCT-07,589.40,150.88,495.01,2237.00,1398.13,1367.54,6537.80,5.30,6412.22,5.20,732.90

,268.16
SRISAILAM,ANDHRA PRADESH,269.75,885.01,267.55,877.79 18-OCT-07,879.79,243.84,800.00,4300.00,1391.84,1147.08,7105.96,5.76,5905.78,4.79,1183.14


ALMATTI,KARNATAKA,519.62,1704.79,519.60,1704.72,519.6,1704.72,505.97,1660.01,483.00,175.35,2631.50,2.13,279.81

,560.68,133260.00
KALINDI SUPA,KARNATAKA,563.88,1850.00,548.86,1800.72 18-OCT-07,1839.50,513.52,1684.78,542.00,2885.00,1631.30,108.04,75040.01,60.84,241.02
,DAILY REPORT OF HYDRO RESERVOIRS FOR,19-Oct-2008,2
,FULL,PRESENT,RESERVIOR,MIN. DRAW,ANNUAL,ENERGY ENERGY,EFF.,EFF. CAP,CUMMULATIVE
,RESERVOIR,RESERVOIR,LEVEL ON,DOWN,DESIGN,CONTENT CONTENT,CAP.,AT,ENERGY
,RESERVOIR,STATE,LEVEL,LEVEL,THE SAME,LEVEL,POTEN-,AT,AT,AT,PRESENT,GEN. FROM
,DAY LAST,TIAL,F.R.L. PRESENT,F.R.L.,LEVEL,1ST. OF
,YEAR,LEVEL,THE MONTH

,M,FT,M,FT,M,FT,M,FT,MU,MU,MU,MCM,MAFT,MCM,MAFT
,554.02
SHARAVATHY,KARNATAKA,554.43,1819.00,550.90,1807.41 18-OCT-07,1817.65,522.73,1714.99,5564.00,4557.03,3476.08,4297.08,3.48,3277.79,2.66,3169.73

,168.14
IDAMALAYAR,KERALA,169.00,554.46,151.98,498.62 18-OCT-07,551.64,114.99,377.26,380.00,254.45,140.36,1017.80,0.83,564.45,0.46,190.54

,730.17
IDUKKI,KERALA,732.35,2402.72,717.40,2353.67 18-OCT-07,2395.57,694.94,2279.99,2398.00,2146.32,1054.42,1459.50,1.18,717.01,0.58,1450.06

,1599.38
MADUPATTY,KERALA,1599.38,5247.31,1599.38,5247.31 18-OCT-07,5247.31,1554.48,5100.00,6.40,77.40,77.39,55.32,0.04,55.31,0.04,0.30

,980.75
SABRIGRI,KERALA,981.46,3220.01,979.70,3214.24 18-OCT-07,3217.68,908.30,2979.99,1338.00,764.00,687.08,446.26,0.36,426.76,0.35,463.93


KUNDAH GROUP,TAMIL NADU,2831.36,1315.00,1270.00,863.00,346.50,0.28,1813.44

,236.57
METTURE,TAMIL NADU,240.79,789.99,226.26,742.32 18-OCT-07,776.15,211.23,693.01,790.00,204.00,52.92,2504.70,2.03,841.32,0.68,3569.94

,39.44 18
PERIYAR,TAMIL NADU,46.33,152.00,36.79,120.70,-OCT-07,129.40,33.53,110.01,409.00,216.00,42.81,273.51,0.22,53.79,0.04,277.65

,461.41
BALIMELA,ORISSA,462.08,1516.01,450.89,1479.30 16-OCT-07,1513.81,438.91,1439.99,1183.00,897.75,350.65,2675.96,2.17,1045.18,0.85,573.19

,191.96
HIRAKUD,ORISSA,192.02,629.99,191.39,627.91 18-OCT-07,629.79,179.83,589.99,1174.00,372.28,335.52,4709.43,3.82,4303.68,3.49,719.82

,641.42
INDRAVATI,ORISSA,641.84,2105.77,640.06,2099.93 18-OCT-07,2104.40,625.00,2050.52,1962.00,1213.13,741.13,1485.50,1.20,1278.47,1.04,1211.56

,123.16
RENGALI,ORISSA,123.44,404.99,122.80,402.89 16-OCT-07,404.07,109.72,359.97,525.00,275.00,219.25,3167.81,2.57,2923.93,2.37,645.70

,856.52
UPPER KOLAB,ORISSA,857.78,2814.24,853.12,2798.95 16-OCT-07,2810.10,843.78,2768.31,832.00,540.00,282.54,935.00,0.76,505.47,0.41,352.27

,768.5 16
LOKTAK,MANIPUR,768.50,2521.33,768.50,2521.33,-OCT-07,2521.33,766.01,2513.16,450.00,250.00,0.00,0.00,288.56



** BHAKRA - POTENTIAL OF 5282 MU INCLUDES THOSE OF GANGWAL AND KOTLA STATIONS AND CORRESPONDS TO A DRY YEAR. THE POTENTIAL FOR A DEPENDABLE YEAR IS 6057 MU.
*** INCLUDES GANGUWAL & KOTLA.
$ UKAI - THE POTENTIAL FOR DEPENDABLE YEAR DURING THE INITIAL YEAR IS 1080 MU AND WOULD REDUCE TO 605 MU AS AND WHEN UPSTREAM IRRIGATION DEVELOPS.
$$ ENERGY CONTENT AT GANDHI SAGAR INCLUDES FOR GENERATION AT R.P.SAGAR AND JAWAHAR SAGAR.
@ KOYNA - POTENTIAL OF 3523 MU IS CORRESPONDING TO 87 TMC OF WATER AVAILABLE FOR POWER GENERATION AS PER KRISHNA WATER DISPUTE TRIBUNAL AWARD FOR KOYNA I,II,III & IV.
* RANJIT SAGAR - ENERGY CONTENT AT F.R.L. WORKED OUT CONSIDERING NIL INFLOW IN THE RESERVIOR.
,DAILY REPORT OF HYDRO RESERVOIRS FOR,20-Oct-2008,1
,FULL,PRESENT,RESERVIOR,MIN. DRAW,ANNUAL,ENERGY ENERGY,EFF.,EFF. CAP,CUMMULATIVE
,RESERVOIR,RESERVOIR,LEVEL ON,DOWN,DESIGN,CONTENT CONTENT,CAP.,AT,ENERGY
,RESERVOIR,STATE,LEVEL,LEVEL,THE SAME,LEVEL,POTEN-,AT,AT,AT,PRESENT,GEN. FROM
,DAY LAST,TIAL,F.R.L. PRESENT,F.R.L.,LEVEL,1ST. OF
,YEAR,LEVEL,THE MONTH

,M,FT,M,FT,M,FT,M,FT,MU,MU,MU,MCM,MAFT,MCM,MAFT
,503.56
BHAKRA,PUNJAB,513.59,1685.01,510.26,1674.07 18-OCT-07,1652.10,445.62,1462.01,5282.00,1728.80,1558.59,6516.07,5.28,5955.41,4.83,3322.35

,411.43
PONG,PUNJAB,426.72,1400.00,422.57,1386.39 18-OCT-07,1349.84,384.05,1260.01,1123.00,1084.00,7006.35,6946.00,5.63,5899.20,4.78,602.01

,510.12
RANJIT SAGAR,PUNJAB,527.91,1731.99,513.50,1684.71 18-OCT-07,1673.62,487.91,1600.75,1507.00,390.30,254.36,7199.17,5.84,1167.48,0.95,1093.23

,350.95
R.P. SAGAR,RAJASTHAN,352.81,1157.51,352.70,1157.16 18-OCT-07,1151.41,343.81,1127.99,459.00,175.66,170.76,1568.98,1.27,1551.37,1.26,84.70

,259.36
RIHAND,UTTAR PRADESH,268.22,879.99,261.49,857.90 18-OCT-07,850.92,252.98,829.99,920.00,860.50,388.25,5845.50,4.74,2898.07,2.35,242.99

,359.91
RAM GANGA,UTTARAKHAND,366.00,1200.79,356.48,1169.55 18-OCT-07,1180.81,323.00,1059.71,164.00,480.80,314.12,2109.25,1.71,1479.03,1.20,114.89

,815.75
TEHRI,UTTARAKHAND,829.79,2722.41,820.00,2690.29 30-SEP-07,2676.35,740.04,2427.95,309.00,1291.49,1061.74,2615.00,2.12,2225.10,1.80,2062.23


SARDAR SAROVAR,GUJARAT,138.68,454.99,121.48,398.56,120.85,396.49,110.84,363.65,5469.00,1817.55,397.66,5760.00,4.67,1486.19,1.20,1315.19

,104.7 18
UKAI,GUJARAT,105.16,345.01,101.96,334.53,-OCT-07,343.50,82.30,270.01,1080.00,813.08,589.38,6619.15,5.37,5254.11,4.26,255.61

,395.9 18
GANDHI SAGAR,MADHYA PRADESH,399.90,1312.01,387.07,1269.92,-OCT-07,1298.88,381.00,1250.00,420.48,725.00,107.44,6911.19,5.60,1227.07,0.99,50.00


INDIRA SAGAR,MADHYA PRADESH,262.14,860.04,254.98,836.55,257.61,845.18,243.24,798.03,2628.00,1316.12,565.34,9706.00,7.87,4321.97,3.50,809.89


BHIRA,MAHARASHTRA,606.03,1988.29,605.76,1987.40,605.53,1986.65,590.09,1935.99,790.00,618.80,604.66,522.76,0.42,510.82,0.41,93.81

,657.91
KOYNA,MAHARASHTRA,657.91,2158.50,657.91,2158.49 18-OCT-07,2158.50,609.60,2000.00,3130.00,3126.10,3125.68,2677.14,2.17,2676.90,2.17,1883.45

,837.54
MACHKUND,ANDHRA PRADESH,838.20,2750.00,836.71,2745.11 18-OCT-07,2747.83,513.59,1685.01,670.00,551.60,477.87,892.55,0.72,773.24,0.63,420.13

,179.65
NAGARJUN SAGAR,ANDHRA PRADESH,179.83,589.99,179.16,587.80 18-OCT-07,589.40,150.88,495.01,2237.00,1398.13,1349.95,6537.80,5.30,6339.99,5.14,740.59

,268.16
SRISAILAM,ANDHRA PRADESH,269.75,885.01,267.61,877.99 18-OCT-07,879.79,243.84,800.00,4300.00,1391.84,1153.27,7105.96,5.76,5937.66,4.81,1185.58

,519.62
ALMATTI,KARNATAKA,519.62,1704.79,519.60,1704.72 18-OCT-07,1704.79,505.97,1660.01,483.00,175.35,2631.50,2.13,282.04

,560.68,133260.00
KALINDI SUPA,KARNATAKA,563.88,1850.00,548.87,1800.75 18-OCT-07,1839.50,513.52,1684.78,542.00,2885.00,1632.01,108.04,75072.71,60.86,242.61
,DAILY REPORT OF HYDRO RESERVOIRS FOR,20-Oct-2008,2
,FULL,PRESENT,RESERVIOR,MIN. DRAW,ANNUAL,ENERGY ENERGY,EFF.,EFF. CAP,CUMMULATIVE
,RESERVOIR,RESERVOIR,LEVEL ON,DOWN,DESIGN,CONTENT CONTENT,CAP.,AT,ENERGY
,RESERVOIR,STATE,LEVEL,LEVEL,THE SAME,LEVEL,POTEN-,AT,AT,AT,PRESENT,GEN. FROM
,DAY LAST,TIAL,F.R.L. PRESENT,F.R.L.,LEVEL,1ST. OF
,YEAR,LEVEL,THE MONTH

,M,FT,M,FT,M,FT,M,FT,MU,MU,MU,MCM,MAFT,MCM,MAFT
,554.02
SHARAVATHY,KARNATAKA,554.43,1819.00,550.85,1807.25 18-OCT-07,1817.65,522.73,1714.99,5564.00,4557.03,3462.14,4297.08,3.48,3264.64,2.65,3183.03

,168.14
IDAMALAYAR,KERALA,169.00,554.46,151.87,498.26 18-OCT-07,551.64,114.99,377.26,380.00,254.45,139.72,1017.80,0.83,561.97,0.46,191.42

,730.17
IDUKKI,KERALA,732.35,2402.72,717.48,2353.94 18-OCT-07,2395.57,694.94,2279.99,2398.00,2146.32,1059.12,1459.50,1.18,720.20,0.58,1452.74

,1599.38
MADUPATTY,KERALA,1599.38,5247.31,1599.38,5247.31 18-OCT-07,5247.31,1554.48,5100.00,6.40,77.40,77.39,55.32,0.04,55.31,0.04,0.30

,980.75
SABRIGRI,KERALA,981.46,3220.01,979.70,3214.24 18-OCT-07,3217.68,908.30,2979.99,1338.00,764.00,687.08,446.26,0.36,426.76,0.35,466.68


KUNDAH GROUP,TAMIL NADU,2854.33,1315.00,1270.00,870.00,346.50,0.28,1818.19

,236.57
METTURE,TAMIL NADU,240.79,789.99,226.54,743.24 18-OCT-07,776.15,211.23,693.01,790.00,204.00,54.09,2504.70,2.03,864.55,0.70,3584.68

,39.44 18
PERIYAR,TAMIL NADU,46.33,152.00,37.09,121.69,-OCT-07,129.40,33.53,110.01,409.00,216.00,46.74,273.51,0.22,58.62,0.05,280.09

,461.41
BALIMELA,ORISSA,462.08,1516.01,450.92,1479.40 16-OCT-07,1513.81,438.91,1439.99,1183.00,897.75,351.79,2675.96,2.17,1048.58,0.85,575.43

,191.96
HIRAKUD,ORISSA,192.02,629.99,191.36,627.81 16-OCT-07,629.79,179.83,589.99,1174.00,372.28,333.68,4709.43,3.82,4284.56,3.47,723.25

,641.42
INDRAVATI,ORISSA,641.84,2105.77,640.03,2099.84 16-OCT-07,2104.40,625.00,2050.52,1962.00,1213.13,733.19,1485.50,1.20,1274.99,1.03,1217.56

,123.16
RENGALI,ORISSA,123.44,404.99,122.73,402.66 16-OCT-07,404.07,109.72,359.97,525.00,275.00,217.71,3167.81,2.57,2901.78,2.35,649.29

,856.52
UPPER KOLAB,ORISSA,857.78,2814.24,853.10,2798.88 16-OCT-08,2810.10,843.78,2768.31,832.00,540.00,281.22,935.00,0.76,503.68,0.41,354.54

,768.5 16
LOKTAK,MANIPUR,768.50,2521.33,768.50,2521.33,-OCT-07,2521.33,766.01,2513.16,450.00,250.00,0.00,0.00,290.74



** BHAKRA - POTENTIAL OF 5282 MU INCLUDES THOSE OF GANGWAL AND KOTLA STATIONS AND CORRESPONDS TO A DRY YEAR. THE POTENTIAL FOR A DEPENDABLE YEAR IS 6057 MU.
*** INCLUDES GANGUWAL & KOTLA.
$ UKAI - THE POTENTIAL FOR DEPENDABLE YEAR DURING THE INITIAL YEAR IS 1080 MU AND WOULD REDUCE TO 605 MU AS AND WHEN UPSTREAM IRRIGATION DEVELOPS.
$$ ENERGY CONTENT AT GANDHI SAGAR INCLUDES FOR GENERATION AT R.P.SAGAR AND JAWAHAR SAGAR.
@ KOYNA - POTENTIAL OF 3523 MU IS CORRESPONDING TO 87 TMC OF WATER AVAILABLE FOR POWER GENERATION AS PER KRISHNA WATER DISPUTE TRIBUNAL AWARD FOR KOYNA I,II,III & IV.
* RANJIT SAGAR - ENERGY CONTENT AT F.R.L. WORKED OUT CONSIDERING NIL INFLOW IN THE RESERVIOR.
,DAILY REPORT OF HYDRO RESERVOIRS FOR,21-Oct-2008,1
,FULL,PRESENT,RESERVIOR,MIN. DRAW,ANNUAL,ENERGY ENERGY,EFF.,EFF. CAP,CUMMULATIVE
,RESERVOIR,RESERVOIR,LEVEL ON,DOWN,DESIGN,CONTENT CONTENT,CAP.,AT,ENERGY
,RESERVOIR,STATE,LEVEL,LEVEL,THE SAME,LEVEL,POTEN-,AT,AT,AT,PRESENT,GEN. FROM
,DAY LAST,TIAL,F.R.L. PRESENT,F.R.L.,LEVEL,1ST. OF
,YEAR,LEVEL,THE MONTH

,M,FT,M,FT,M,FT,M,FT,MU,MU,MU,MCM,MAFT,MCM,MAFT

BHAKRA,PUNJAB,513.59,1685.01,510.26,1674.07,503.21,1650.95,445.62,1462.01,5282.00,1728.80,1558.59,6516.07,5.28,5955.41,4.83,3340.84


PONG,PUNJAB,426.72,1400.00,422.57,1386.39,410.84,1347.90,384.05,1260.01,1123.00,1084.00,7006.35,6946.00,5.63,5899.20,4.78,606.16


RANJIT SAGAR,PUNJAB,527.91,1731.99,513.26,1683.92,509.75,1672.41,487.91,1600.75,1507.00,390.30,252.06,7199.17,5.84,1152.84,0.93,1099.09


R.P. SAGAR,RAJASTHAN,352.81,1157.51,352.71,1157.18,351.08,1151.84,343.81,1127.99,459.00,175.66,171.05,1568.98,1.27,1552.40,1.26,84.70


RIHAND,UTTAR PRADESH,268.22,879.99,261.46,857.80,259.27,850.62,252.98,829.99,920.00,860.50,386.50,5845.50,4.74,2886.38,2.34,244.59


RAM GANGA,UTTARAKHAND,366.00,1200.79,356.50,1169.62,360.07,1181.33,323.00,1059.71,164.00,480.80,314.48,2109.25,1.71,1480.49,1.20,114.89

,815.75
TEHRI,UTTARAKHAND,829.79,2722.41,820.00,2690.29 30-SEP-07,2676.35,740.04,2427.95,309.00,1291.49,1061.74,2615.00,2.12,2225.10,1.80,2066.29


SARDAR SAROVAR,GUJARAT,138.68,454.99,121.47,398.52,121.01,397.01,110.84,363.65,5469.00,1817.55,397.13,5760.00,4.67,1484.42,1.20,1317.58


UKAI,GUJARAT,105.16,345.01,101.93,334.40,104.65,343.34,82.30,270.01,1080.00,813.08,587.08,6619.15,5.37,5237.59,4.25,257.46

,395.9 18
GANDHI SAGAR,MADHYA PRADESH,399.90,1312.01,386.91,1269.39,-OCT-07,1298.88,381.00,1250.00,420.48,725.00,103.73,6911.19,5.60,1184.57,0.96,50.11


INDIRA SAGAR,MADHYA PRADESH,262.14,860.04,254.95,836.45,257.55,844.98,243.24,798.03,2628.00,1316.12,563.01,9706.00,7.87,4309.38,3.49,815.16


BHIRA,MAHARASHTRA,606.03,1988.29,605.74,1987.34,605.48,1986.48,590.09,1935.99,790.00,618.80,603.70,522.76,0.42,510.01,0.41,94.05


KOYNA,MAHARASHTRA,657.91,2158.50,657.91,2158.49,657.91,2158.50,609.60,2000.00,3130.00,3126.10,3125.68,2677.14,2.17,2676.90,2.17,1886.63


MACHKUND,ANDHRA PRADESH,838.20,2750.00,836.69,2745.05,837.76,2748.56,513.59,1685.01,670.00,551.60,476.87,892.55,0.72,771.63,0.63,421.42


NAGARJUN SAGAR,ANDHRA PRADESH,179.83,589.99,179.07,587.50,179.1,587.60,150.88,495.01,2237.00,1398.13,1343.77,6537.80,5.30,6314.58,5.12,747.99


SRISAILAM,ANDHRA PRADESH,269.75,885.01,267.64,878.08,268.1,879.59,243.84,800.00,4300.00,1391.84,1156.40,7105.96,5.76,5953.77,4.83,1189.74

,519.6 20
ALMATTI,KARNATAKA,519.62,1704.79,519.60,1704.72,-OCT-07,1704.72,505.97,1660.01,483.00,175.35,2631.50,2.13,283.89


,133260.00
KALINDI SUPA,KARNATAKA,563.88,1850.00,548.75,1800.36,560.59,1839.21,513.52,1684.78,542.00,2885.00,1623.60,108.04,74682.31,60.55,245.04


SHARAVATHY,KARNATAKA,554.43,1819.00,550.82,1807.15,554,1817.59,522.73,1714.99,5564.00,4557.03,3453.73,4297.08,3.48,3256.71,2.64,3199.02


IDAMALAYAR,KERALA,169.00,554.46,151.90,498.36,168.08,551.44,114.99,377.26,380.00,254.45,139.90,1017.80,0.83,562.65,0.46,191.97
,DAILY REPORT OF HYDRO RESERVOIRS FOR,21-Oct-2008,2
,FULL,PRESENT,RESERVIOR,MIN. DRAW,ANNUAL,ENERGY ENERGY,EFF.,EFF. CAP,CUMMULATIVE
,RESERVOIR,RESERVOIR,LEVEL ON,DOWN,DESIGN,CONTENT CONTENT,CAP.,AT,ENERGY
,RESERVOIR,STATE,LEVEL,LEVEL,THE SAME,LEVEL,POTEN-,AT,AT,AT,PRESENT,GEN. FROM
,DAY LAST,TIAL,F.R.L. PRESENT,F.R.L.,LEVEL,1ST. OF
,YEAR,LEVEL,THE MONTH

,M,FT,M,FT,M,FT,M,FT,MU,MU,MU,MCM,MAFT,MCM,MAFT

IDUKKI,KERALA,732.35,2402.72,717.56,2354.20,730.15,2395.51,694.94,2279.99,2398.00,2146.32,1063.82,1459.50,1.18,723.40,0.59,1457.13


MADUPATTY,KERALA,1599.38,5247.31,1599.38,5247.31,1599.38,5247.31,1554.48,5100.00,6.40,77.40,77.39,55.32,0.04,55.31,0.04,0.30


SABRIGRI,KERALA,981.46,3220.01,979.85,3214.73,981.05,3218.67,908.30,2979.99,1338.00,764.00,691.33,446.26,0.36,429.42,0.35,468.83


KUNDAH GROUP,TAMIL NADU,2880.58,1315.00,1270.00,878.00,346.50,0.28,1822.85


METTURE,TAMIL NADU,240.79,789.99,226.77,744.00,236.42,775.66,211.23,693.01,790.00,204.00,55.00,2504.70,2.03,883.88,0.72,3599.48


PERIYAR,TAMIL NADU,46.33,152.00,37.55,123.20,39.93,131.00,33.53,110.01,409.00,216.00,52.78,273.51,0.22,66.54,0.05,282.69


BALIMELA,ORISSA,462.08,1516.01,450.95,1479.50,461.32,1513.52,438.91,1439.99,1183.00,897.75,352.93,2675.96,2.17,1051.98,0.85,578.02


HIRAKUD,ORISSA,192.02,629.99,191.33,627.71,191.81,629.30,179.83,589.99,1174.00,372.28,331.85,4709.43,3.82,4265.44,3.46,726.58


INDRAVATI,ORISSA,641.84,2105.77,640.00,2099.74,641.15,2103.51,625.00,2050.52,1962.00,1213.13,725.25,1485.50,1.20,1271.50,1.03,1225.50


RENGALI,ORISSA,123.44,404.99,122.67,402.46,122.58,402.17,109.72,359.97,525.00,275.00,216.41,3167.81,2.57,2882.91,2.34,652.89


UPPER KOLAB,ORISSA,857.78,2814.24,853.10,2798.88,856.45,2809.88,843.78,2768.31,832.00,540.00,281.22,935.00,0.76,503.68,0.41,356.40


LOKTAK,MANIPUR,768.50,2521.33,768.50,2521.33,768.5,2521.33,766.01,2513.16,450.00,250.00,0.00,0.00,292.93


** BHAKRA - POTENTIAL OF 5282 MU INCLUDES THOSE OF GANGWAL AND KOTLA STATIONS AND CORRESPONDS TO A DRY YEAR. THE POTENTIAL FOR A DEPENDABLE YEAR IS 6057 MU.
*** INCLUDES GANGUWAL & KOTLA.
$ UKAI - THE POTENTIAL FOR DEPENDABLE YEAR DURING THE INITIAL YEAR IS 1080 MU AND WOULD REDUCE TO 605 MU AS AND WHEN UPSTREAM IRRIGATION DEVELOPS.
$$ ENERGY CONTENT AT GANDHI SAGAR INCLUDES FOR GENERATION AT R.P.SAGAR AND JAWAHAR SAGAR.
@ KOYNA - POTENTIAL OF 3523 MU IS CORRESPONDING TO 87 TMC OF WATER AVAILABLE FOR POWER GENERATION AS PER KRISHNA WATER DISPUTE TRIBUNAL AWARD FOR KOYNA I,II,III & IV.
* RANJIT SAGAR - ENERGY CONTENT AT F.R.L. WORKED OUT CONSIDERING NIL INFLOW IN THE RESERVIOR.
,DAILY REPORT OF HYDRO RESERVOIRS FOR,22-Oct-2008,1
,FULL,PRESENT,RESERVIOR,MIN. DRAW,ANNUAL,ENERGY ENERGY,EFF.,EFF. CAP,CUMMULATIVE
,RESERVOIR,RESERVOIR,LEVEL ON,DOWN,DESIGN,CONTENT CONTENT,CAP.,AT,ENERGY
,RESERVOIR,STATE,LEVEL,LEVEL,THE SAME,LEVEL,POTEN-,AT,AT,AT,PRESENT,GEN. FROM
,DAY LAST,TIAL,F.R.L. PRESENT,F.R.L.,LEVEL,1ST. OF
,YEAR,LEVEL,THE MONTH

,M,FT,M,FT,M,FT,M,FT,MU,MU,MU,MCM,MAFT,MCM,MAFT

BHAKRA,PUNJAB,513.59,1685.01,509.70,1672.23,503.06,1650.46,445.62,1462.01,5282.00,1728.80,1531.60,6516.07,5.28,5867.69,4.76,3359.24


PONG,PUNJAB,426.72,1400.00,422.51,1386.19,410.65,1347.28,384.05,1260.01,1123.00,1084.00,891.31,6946.00,5.63,5884.39,4.77,606.35


RANJIT SAGAR,PUNJAB,527.91,1731.99,513.16,1683.60,509.71,1672.28,487.91,1600.75,1507.00,390.30,251.10,7199.17,5.84,1146.74,0.93,1103.05


R.P. SAGAR,RAJASTHAN,352.81,1157.51,352.69,1157.12,351.08,1151.84,343.81,1127.99,459.00,175.66,170.19,1568.98,1.27,1549.30,1.26,85.11


RIHAND,UTTAR PRADESH,268.22,879.99,261.46,857.80,259.27,850.62,252.98,829.99,920.00,860.50,386.50,5845.50,4.74,2886.38,2.34,246.17


RAM GANGA,UTTARAKHAND,366.00,1200.79,356.52,1169.69,360.12,1181.50,323.00,1059.71,164.00,480.80,314.85,2109.25,1.71,1481.98,1.20,114.89

,740.1 21
TEHRI,UTTARAKHAND,829.79,2722.41,820.00,2690.29,-OCT-07,2428.15,740.04,2427.95,309.00,1291.49,1061.74,2615.00,2.12,2225.10,1.80,2070.81


SARDAR SAROVAR,GUJARAT,138.68,454.99,121.51,398.65,121.16,397.51,110.84,363.65,5469.00,1817.55,399.29,5760.00,4.67,1491.66,1.21,1319.88


UKAI,GUJARAT,105.16,345.01,101.89,334.28,104.52,342.91,82.30,270.01,1080.00,813.08,584.96,6619.15,5.37,5222.35,4.23,259.15


GANDHI SAGAR,MADHYA PRADESH,399.90,1312.01,387.05,1269.86,395.78,1298.49,381.00,1250.00,420.48,725.00,107.02,6911.19,5.60,1222.26,0.99,50.27


INDIRA SAGAR,MADHYA PRADESH,262.14,860.04,254.92,836.35,257.48,844.75,243.24,798.03,2628.00,1316.12,560.70,9706.00,7.87,4296.92,3.48,821.34


BHIRA,MAHARASHTRA,606.03,1988.29,605.72,1987.27,605.47,1986.45,590.09,1935.99,790.00,618.80,602.74,522.76,0.42,509.20,0.41,94.79


KOYNA,MAHARASHTRA,657.91,2158.50,657.91,2158.49,657.91,2158.50,609.60,2000.00,3130.00,3126.10,3125.68,2677.14,2.17,2676.90,2.17,1889.56


MACHKUND,ANDHRA PRADESH,838.20,2750.00,836.38,2744.03,837.74,2748.49,513.59,1685.01,670.00,551.60,461.57,892.55,0.72,746.86,0.61,422.71


NAGARJUN SAGAR,ANDHRA PRADESH,179.83,589.99,178.95,587.11,178.61,585.99,150.88,495.01,2237.00,1398.13,1335.50,6537.80,5.30,6280.65,5.09,754.73


SRISAILAM,ANDHRA PRADESH,269.75,885.01,267.61,877.99,268.07,879.49,243.84,800.00,4300.00,1391.84,1153.27,7105.96,5.76,5937.66,4.81,1193.38


ALMATTI,KARNATAKA,519.62,1704.79,519.62,1704.79,519.6,1704.72,505.97,1660.01,483.00,175.35,2631.50,2.13,285.37

,133260.00
KALINDI SUPA,KARNATAKA,563.88,1850.00,548.64,1800.00,560.66,1839.44,513.52,1684.78,542.00,2885.00,1615.90,108.04,74324.62,60.26,246.75


SHARAVATHY,KARNATAKA,554.43,1819.00,550.79,1807.05,554.3,1818.57,522.73,1714.99,5564.00,4557.03,3445.40,4297.08,3.48,3248.86,2.63,3212.55


IDAMALAYAR,KERALA,169.00,554.46,152.04,498.82,168.08,551.44,114.99,377.26,380.00,254.45,140.71,1017.80,0.83,565.80,0.46,193.34


IDUKKI,KERALA,732.35,2402.72,717.68,2354.59,730.15,2395.51,694.94,2279.99,2398.00,2146.32,1070.89,1459.50,1.18,728.20,0.59,1461.38
,DAILY REPORT OF HYDRO RESERVOIRS FOR,22-Oct-2008,2
,FULL,PRESENT,RESERVIOR,MIN. DRAW,ANNUAL,ENERGY ENERGY,EFF.,EFF. CAP,CUMMULATIVE
,RESERVOIR,RESERVOIR,LEVEL ON,DOWN,DESIGN,CONTENT CONTENT,CAP.,AT,ENERGY
,RESERVOIR,STATE,LEVEL,LEVEL,THE SAME,LEVEL,POTEN-,AT,AT,AT,PRESENT,GEN. FROM
,DAY LAST,TIAL,F.R.L. PRESENT,F.R.L.,LEVEL,1ST. OF
,YEAR,LEVEL,THE MONTH

,M,FT,M,FT,M,FT,M,FT,MU,MU,MU,MCM,MAFT,MCM,MAFT

MADUPATTY,KERALA,1599.38,5247.31,1599.38,5247.31,1599.38,5247.31,1554.48,5100.00,6.40,77.40,77.39,55.32,0.04,55.31,0.04,0.30


SABRIGRI,KERALA,981.46,3220.01,980.05,3215.39,981.46,3220.01,908.30,2979.99,1338.00,764.00,697.06,446.26,0.36,433.02,0.35,471.08


KUNDAH GROUP,TAMIL NADU,2919.95,1400,4593.18,1315.00,1270.00,890.00,346.50,0.28,1827.72


METTURE,TAMIL NADU,240.79,789.99,227.20,745.41,236.81,776.94,211.23,693.01,790.00,204.00,57.02,2504.70,2.03,920.71,0.75,3614.47


PERIYAR,TAMIL NADU,46.33,152.00,38.13,125.10,39.99,131.20,33.53,110.01,409.00,216.00,60.78,273.51,0.22,77.25,0.06,285.28


BALIMELA,ORISSA,462.08,1516.01,450.95,1479.50,461.38,1513.71,438.91,1439.99,1183.00,897.75,352.93,2675.96,2.17,1051.98,0.85,580.96


HIRAKUD,ORISSA,192.02,629.99,191.29,627.58,191.78,629.20,179.83,589.99,1174.00,372.28,329.46,4709.43,3.82,4240.59,3.44,729.93


INDRAVATI,ORISSA,641.84,2105.77,639.96,2099.61,641.13,2103.44,625.00,2050.52,1962.00,1213.13,714.56,1485.50,1.20,1266.81,1.03,1233.40


RENGALI,ORISSA,123.44,404.99,122.59,402.20,122.45,401.74,109.72,359.97,525.00,275.00,214.65,3167.81,2.57,2857.58,2.32,656.50


UPPER KOLAB,ORISSA,857.78,2814.24,853.09,2798.85,850.47,2790.26,843.78,2768.31,832.00,540.00,280.55,935.00,0.76,502.77,0.41,357.83


LOKTAK,MANIPUR,768.50,2521.33,768.50,2521.33,768.5,2521.33,766.01,2513.16,450.00,250.00,0.00,0.00,295.10


** BHAKRA - POTENTIAL OF 5282 MU INCLUDES THOSE OF GANGWAL AND KOTLA STATIONS AND CORRESPONDS TO A DRY YEAR. THE POTENTIAL FOR A DEPENDABLE YEAR IS 6057 MU.
*** INCLUDES GANGUWAL & KOTLA.
$ UKAI - THE POTENTIAL FOR DEPENDABLE YEAR DURING THE INITIAL YEAR IS 1080 MU AND WOULD REDUCE TO 605 MU AS AND WHEN UPSTREAM IRRIGATION DEVELOPS.
$$ ENERGY CONTENT AT GANDHI SAGAR INCLUDES FOR GENERATION AT R.P.SAGAR AND JAWAHAR SAGAR.
@ KOYNA - POTENTIAL OF 3523 MU IS CORRESPONDING TO 87 TMC OF WATER AVAILABLE FOR POWER GENERATION AS PER KRISHNA WATER DISPUTE TRIBUNAL AWARD FOR KOYNA I,II,III & IV.
* RANJIT SAGAR - ENERGY CONTENT AT F.R.L. WORKED OUT CONSIDERING NIL INFLOW IN THE RESERVIOR.
,DAILY REPORT OF HYDRO RESERVOIRS FOR,23-Oct-2008,1
,FULL,PRESENT,RESERVIOR,MIN. DRAW,ANNUAL,ENERGY ENERGY,EFF.,EFF. CAP,CUMMULATIVE
,RESERVOIR,RESERVOIR,LEVEL ON,DOWN,DESIGN,CONTENT CONTENT,CAP.,AT,ENERGY
,RESERVOIR,STATE,LEVEL,LEVEL,THE SAME,LEVEL,POTEN-,AT,AT,AT,PRESENT,GEN. FROM
,DAY LAST,TIAL,F.R.L. PRESENT,F.R.L.,LEVEL,1ST. OF
,YEAR,LEVEL,THE MONTH

,M,FT,M,FT,M,FT,M,FT,MU,MU,MU,MCM,MAFT,MCM,MAFT

BHAKRA,PUNJAB,513.59,1685.01,509.54,1671.71,502.94,1650.07,445.62,1462.01,5282.00,1728.80,1524.17,6516.07,5.28,5842.89,4.74,3377.79


PONG,PUNJAB,426.72,1400.00,422.49,1386.11,410.45,1346.62,384.05,1260.01,1123.00,1084.00,890.25,6946.00,5.63,5878.46,4.77,608.87


RANJIT SAGAR,PUNJAB,527.91,1731.99,513.01,1683.10,509.57,1671.82,487.91,1600.75,1507.00,390.30,249.66,7199.17,5.84,1137.59,0.92,1106.54


R.P. SAGAR,RAJASTHAN,352.81,1157.51,352.69,1157.12,351.03,1151.67,343.81,1127.99,459.00,175.66,170.19,1568.98,1.27,1549.30,1.26,85.53


RIHAND,UTTAR PRADESH,268.22,879.99,261.43,857.70,259.25,850.56,252.98,829.99,920.00,860.50,384.75,5845.50,4.74,2874.69,2.33,247.81


RAM GANGA,UTTARAKHAND,366.00,1200.79,356.54,1169.75,360.17,1181.66,323.00,1059.71,164.00,480.80,315.22,2109.25,1.71,1483.46,1.20,114.89

,740.1 21
TEHRI,UTTARAKHAND,829.79,2722.41,820.00,2690.29,-OCT-07,2428.15,740.04,2427.95,309.00,1291.49,1061.74,2615.00,2.12,2225.10,1.80,2074.89


SARDAR SAROVAR,GUJARAT,138.68,454.99,121.59,398.92,121.26,397.83,110.84,363.65,5469.00,1817.55,403.61,5760.00,4.67,1506.12,1.22,1322.82


UKAI,GUJARAT,105.16,345.01,101.84,334.13,104.48,342.78,82.30,270.01,1080.00,813.08,582.32,6619.15,5.37,5203.29,4.22,261.29


GANDHI SAGAR,MADHYA PRADESH,399.90,1312.01,387.04,1269.83,395.75,1298.39,381.00,1250.00,420.48,725.00,106.81,6911.19,5.60,1219.85,0.99,50.44


INDIRA SAGAR,MADHYA PRADESH,262.14,860.04,254.37,834.55,257.39,844.46,243.24,798.03,2628.00,1316.12,518.82,9706.00,7.87,3933.48,3.19,827.74


BHIRA,MAHARASHTRA,606.03,1988.29,605.69,1987.17,605.41,1986.25,590.09,1935.99,790.00,618.80,601.32,522.76,0.42,508.00,0.41,95.37


KOYNA,MAHARASHTRA,657.91,2158.50,657.91,2158.49,657.91,2158.50,609.60,2000.00,3130.00,3126.10,3125.68,2677.14,2.17,2676.90,2.17,1891.95


MACHKUND,ANDHRA PRADESH,838.20,2750.00,836.66,2744.95,837.74,2748.49,513.59,1685.01,670.00,551.60,475.40,892.55,0.72,769.24,0.62,424.00


NAGARJUN SAGAR,ANDHRA PRADESH,179.83,589.99,178.86,586.81,178.19,584.61,150.88,495.01,2237.00,1398.13,1329.16,6537.80,5.30,6254.60,5.07,758.55


SRISAILAM,ANDHRA PRADESH,269.75,885.01,267.58,877.89,268.19,879.89,243.84,800.00,4300.00,1391.84,1150.16,7105.96,5.76,5921.64,4.80,1197.84

,519.6 22
ALMATTI,KARNATAKA,519.62,1704.79,519.62,1704.79,-OCT-07,1704.72,505.97,1660.01,483.00,175.35,2631.50,2.13,286.70


,133260.00
KALINDI SUPA,KARNATAKA,563.88,1850.00,548.60,1799.87,560.79,1839.86,513.52,1684.78,542.00,2885.00,1613.10,108.04,74194.81,60.15,247.84


SHARAVATHY,KARNATAKA,554.43,1819.00,550.74,1806.89,554.01,1817.62,522.73,1714.99,5564.00,4557.03,3431.46,4297.08,3.48,3235.72,2.62,3225.92


IDAMALAYAR,KERALA,169.00,554.46,151.97,498.59,168.05,551.35,114.99,377.26,380.00,254.45,140.30,1017.80,0.83,564.22,0.46,194.64


IDUKKI,KERALA,732.35,2402.72,717.74,2354.79,730.12,2395.41,694.94,2279.99,2398.00,2146.32,1074.42,1459.50,1.18,730.61,0.59,1463.61
,DAILY REPORT OF HYDRO RESERVOIRS FOR,23-Oct-2008,2
,FULL,PRESENT,RESERVIOR,MIN. DRAW,ANNUAL,ENERGY ENERGY,EFF.,EFF. CAP,CUMMULATIVE
,RESERVOIR,RESERVOIR,LEVEL ON,DOWN,DESIGN,CONTENT CONTENT,CAP.,AT,ENERGY
,RESERVOIR,STATE,LEVEL,LEVEL,THE SAME,LEVEL,POTEN-,AT,AT,AT,PRESENT,GEN. FROM
,DAY LAST,TIAL,F.R.L. PRESENT,F.R.L.,LEVEL,1ST. OF
,YEAR,LEVEL,THE MONTH

,M,FT,M,FT,M,FT,M,FT,MU,MU,MU,MCM,MAFT,MCM,MAFT

MADUPATTY,KERALA,1599.38,5247.31,1599.38,5247.31,1599.38,5247.31,1554.48,5100.00,6.40,77.40,77.39,55.32,0.04,55.31,0.04,0.30


SABRIGRI,KERALA,981.46,3220.01,980.05,3215.39,981.15,3219.00,908.30,2979.99,1338.00,764.00,697.06,446.26,0.36,433.02,0.35,473.83


KUNDAH GROUP,TAMIL NADU,2956.04,1400,4593.18,1315.00,1270.00,901.00,346.50,0.28,1832.50


METTURE,TAMIL NADU,240.79,789.99,227.77,747.28,237.04,777.69,211.23,693.01,790.00,204.00,61.69,2504.70,2.03,969.98,0.79,3629.42


PERIYAR,TAMIL NADU,46.33,152.00,38.34,125.79,40.11,131.59,33.53,110.01,409.00,216.00,66.30,273.51,0.22,81.47,0.07,287.87


BALIMELA,ORISSA,462.08,1516.01,450.95,1479.50,461.5,1514.11,438.91,1439.99,1183.00,897.75,352.93,2675.96,2.17,1051.98,0.85,583.13


HIRAKUD,ORISSA,192.02,629.99,191.26,627.50,191.75,629.10,179.83,589.99,1174.00,372.28,328.00,4709.43,3.82,4225.30,3.43,733.22


INDRAVATI,ORISSA,641.84,2105.77,632.92,2076.51,641.09,2103.31,625.00,2050.52,1962.00,1213.13,225.29,1485.50,1.20,588.17,0.48,1239.71


RENGALI,ORISSA,123.44,404.99,122.52,401.97,122.33,401.35,109.72,359.97,525.00,275.00,213.13,3167.81,2.57,2835.53,2.30,660.12


UPPER KOLAB,ORISSA,857.78,2814.24,853.07,2798.79,856.05,2808.56,843.78,2768.31,832.00,540.00,279.21,935.00,0.76,500.95,0.41,359.87


LOKTAK,MANIPUR,768.50,2521.33,768.50,2521.33,768.5,2521.33,766.01,2513.16,450.00,250.00,0.00,0.00,297.28


** BHAKRA - POTENTIAL OF 5282 MU INCLUDES THOSE OF GANGWAL AND KOTLA STATIONS AND CORRESPONDS TO A DRY YEAR. THE POTENTIAL FOR A DEPENDABLE YEAR IS 6057 MU.
*** INCLUDES GANGUWAL & KOTLA.
$ UKAI - THE POTENTIAL FOR DEPENDABLE YEAR DURING THE INITIAL YEAR IS 1080 MU AND WOULD REDUCE TO 605 MU AS AND WHEN UPSTREAM IRRIGATION DEVELOPS.
$$ ENERGY CONTENT AT GANDHI SAGAR INCLUDES FOR GENERATION AT R.P.SAGAR AND JAWAHAR SAGAR.
@ KOYNA - POTENTIAL OF 3523 MU IS CORRESPONDING TO 87 TMC OF WATER AVAILABLE FOR POWER GENERATION AS PER KRISHNA WATER DISPUTE TRIBUNAL AWARD FOR KOYNA I,II,III & IV.
* RANJIT SAGAR - ENERGY CONTENT AT F.R.L. WORKED OUT CONSIDERING NIL INFLOW IN THE RESERVIOR.
,DAILY REPORT OF HYDRO RESERVOIRS FOR,30-Oct-2008,1
,FULL,PRESENT,RESERVIOR,MIN. DRAW,ANNUAL,ENERGY ENERGY,EFF.,EFF. CAP,CUMMULATIVE
,RESERVOIR,RESERVOIR,LEVEL ON,DOWN,DESIGN,CONTENT CONTENT,CAP.,AT,ENERGY
,RESERVOIR,STATE,LEVEL,LEVEL,THE SAME,LEVEL,POTEN-,AT,AT,AT,PRESENT,GEN. FROM
,DAY LAST,TIAL,F.R.L. PRESENT,F.R.L.,LEVEL,1ST. OF
,YEAR,LEVEL,THE MONTH

,M,FT,M,FT,M,FT,M,FT,MU,MU,MU,MCM,MAFT,MCM,MAFT

BHAKRA,PUNJAB,513.59,1685.01,508.72,1669.03,502.11,1647.34,445.62,1462.01,5282.00,1728.80,1486.12,6516.07,5.28,5715.11,4.63,3487.55


PONG,PUNJAB,426.72,1400.00,422.03,1384.62,409.14,1342.32,384.05,1260.01,1123.00,1084.00,870.82,6946.00,5.63,5768.14,4.68,640.88


RANJIT SAGAR,PUNJAB,527.91,1731.99,512.98,1683.01,508.89,1669.59,487.91,1600.75,1507.00,390.30,249.37,7199.17,5.84,1135.75,0.92,1124.05


R.P. SAGAR,RAJASTHAN,352.81,1157.51,352.41,1156.20,351.08,1151.84,343.81,1127.99,459.00,175.66,162.69,1568.98,1.27,1494.73,1.21,92.82


RIHAND,UTTAR PRADESH,268.22,879.99,261.15,856.80,259.11,850.10,252.98,829.99,920.00,860.50,369.00,5845.50,4.74,2769.47,2.25,262.04


RAM GANGA,UTTARAKHAND,366.00,1200.79,356.52,1169.69,360.39,1182.38,323.00,1059.71,164.00,480.80,314.85,2109.25,1.71,1481.98,1.20,117.77

,740.04
TEHRI,UTTARAKHAND,829.79,2722.41,820.00,2690.29 29-OCT-07,2427.95,740.04,2427.95,309.00,1291.49,1061.74,2615.00,2.12,2225.10,1.80,2102.48


SARDAR SAROVAR,GUJARAT,138.68,454.99,121.63,399.05,121.77,399.51,110.84,363.65,5469.00,1817.55,405.79,5760.00,4.67,1513.41,1.23,1362.20


UKAI,GUJARAT,105.16,345.01,101.71,333.70,104.24,341.99,82.30,270.01,1080.00,813.08,574.72,6619.15,5.37,5149.03,4.17,268.23


GANDHI SAGAR,MADHYA PRADESH,399.90,1312.01,386.96,1269.57,395.54,1297.70,381.00,1250.00,420.48,725.00,104.99,6911.19,5.60,1199.00,0.97,51.29


INDIRA SAGAR,MADHYA PRADESH,262.14,860.04,254.61,835.33,256.91,842.88,243.24,798.03,2628.00,1316.12,557.14,9706.00,7.87,4086.15,3.31,866.55

,606.03
BHIRA,MAHARASHTRA,606.03,1988.29,605.48,1986.48 29-OCT-07,1988.29,590.09,1935.99,790.00,618.80,591.31,522.76,0.42,499.54,0.40,98.12


KOYNA,MAHARASHTRA,657.91,2158.50,657.91,2158.49,657.86,2158.33,609.60,2000.00,3130.00,3126.10,3125.68,2677.14,2.17,2676.90,2.17,1946.79


MACHKUND,ANDHRA PRADESH,838.20,2750.00,836.55,2744.59,837.71,2748.39,513.59,1685.01,670.00,551.60,469.96,892.55,0.72,760.45,0.62,433.01


NAGARJUN SAGAR,ANDHRA PRADESH,179.83,589.99,177.42,582.09,176.75,579.89,150.88,495.01,2237.00,1398.13,1228.20,6537.80,5.30,5840.08,4.73,777.53


SRISAILAM,ANDHRA PRADESH,269.75,885.01,267.74,878.41,269.14,883.01,243.84,800.00,4300.00,1391.84,1166.91,7105.96,5.76,6007.86,4.87,1210.67


ALMATTI,KARNATAKA,519.62,1704.79,519.60,1704.72,519.6,1704.72,505.97,1660.01,483.00,175.35,2631.50,2.13,294.55

,133260.00
KALINDI SUPA,KARNATAKA,563.88,1850.00,548.31,1798.92,560.74,1839.70,513.52,1684.78,542.00,2885.00,1592.78,108.04,73267.17,59.40,252.67


SHARAVATHY,KARNATAKA,554.43,1819.00,550.55,1806.27,553.85,1817.09,522.73,1714.99,5564.00,4557.03,3378.44,4297.08,3.48,3185.71,2.58,3303.15


IDAMALAYAR,KERALA,169.00,554.46,153.28,502.89,168.2,551.84,114.99,377.26,380.00,254.45,147.93,1017.80,0.83,593.73,0.48,197.76


IDUKKI,KERALA,732.35,2402.72,718.83,2358.37,730.54,2396.78,694.94,2279.99,2398.00,2146.32,1139.21,1459.50,1.18,774.66,0.63,1474.46
,DAILY REPORT OF HYDRO RESERVOIRS FOR,30-Oct-2008,2
,FULL,PRESENT,RESERVIOR,MIN. DRAW,ANNUAL,ENERGY ENERGY,EFF.,EFF. CAP,CUMMULATIVE
,RESERVOIR,RESERVOIR,LEVEL ON,DOWN,DESIGN,CONTENT CONTENT,CAP.,AT,ENERGY
,RESERVOIR,STATE,LEVEL,LEVEL,THE SAME,LEVEL,POTEN-,AT,AT,AT,PRESENT,GEN. FROM
,DAY LAST,TIAL,F.R.L. PRESENT,F.R.L.,LEVEL,1ST. OF
,YEAR,LEVEL,THE MONTH

,M,FT,M,FT,M,FT,M,FT,MU,MU,MU,MCM,MAFT,MCM,MAFT

MADUPATTY,KERALA,1599.38,5247.31,1599.38,5247.31,1599.2,5246.72,1554.48,5100.00,6.40,77.40,77.39,55.32,0.04,55.31,0.04,0.30


SABRIGRI,KERALA,981.46,3220.01,981.20,3219.16,981.45,3219.98,908.30,2979.99,1338.00,764.00,759.46,446.26,0.36,446.20,0.36,493.08


KUNDAH GROUP,TAMIL NADU,3234.91,1408,4619.42,1315.00,1270.00,986.00,346.50,0.28,1866.30


METTURE,TAMIL NADU,240.79,789.99,231.21,758.56,240.3,788.39,211.23,693.01,790.00,204.00,88.91,2504.70,2.03,1302.80,1.06,3753.91


PERIYAR,TAMIL NADU,46.33,152.00,39.01,127.99,41.36,135.70,33.53,110.01,409.00,216.00,77.92,273.51,0.22,94.91,0.08,305.83


BALIMELA,ORISSA,462.08,1516.01,450.98,1479.60,461.5,1514.11,438.91,1439.99,1183.00,897.75,354.07,2675.96,2.17,1055.38,0.86,596.56


HIRAKUD,ORISSA,192.02,629.99,191.05,626.81,191.43,628.05,179.83,589.99,1174.00,372.28,315.33,4709.43,3.82,4092.20,3.32,753.35


INDRAVATI,ORISSA,641.84,2105.77,639.78,2099.02,640.65,2101.87,625.00,2050.52,1962.00,1213.13,666.76,1485.50,1.20,1245.85,1.01,1279.49


RENGALI,ORISSA,123.44,404.99,122.07,400.49,121.45,398.46,109.72,359.97,525.00,275.00,203.28,3167.81,2.57,2693.30,2.18,681.90


UPPER KOLAB,ORISSA,857.78,2814.24,852.94,2798.36,856.16,2808.92,843.78,2768.31,832.00,540.00,270.56,935.00,0.76,489.20,0.40,372.64


LOKTAK,MANIPUR,768.50,2521.33,768.50,2521.33,768.5,2521.33,766.01,2513.16,450.00,250.00,0.00,0.00,311.80


** BHAKRA - POTENTIAL OF 5282 MU INCLUDES THOSE OF GANGWAL AND KOTLA STATIONS AND CORRESPONDS TO A DRY YEAR. THE POTENTIAL FOR A DEPENDABLE YEAR IS 6057 MU.
*** INCLUDES GANGUWAL & KOTLA.
$ UKAI - THE POTENTIAL FOR DEPENDABLE YEAR DURING THE INITIAL YEAR IS 1080 MU AND WOULD REDUCE TO 605 MU AS AND WHEN UPSTREAM IRRIGATION DEVELOPS.
$$ ENERGY CONTENT AT GANDHI SAGAR INCLUDES FOR GENERATION AT R.P.SAGAR AND JAWAHAR SAGAR.
@ KOYNA - POTENTIAL OF 3523 MU IS CORRESPONDING TO 87 TMC OF WATER AVAILABLE FOR POWER GENERATION AS PER KRISHNA WATER DISPUTE TRIBUNAL AWARD FOR KOYNA I,II,III & IV.
* RANJIT SAGAR - ENERGY CONTENT AT F.R.L. WORKED OUT CONSIDERING NIL INFLOW IN THE RESERVIOR.
,DAILY REPORT OF HYDRO RESERVOIRS FOR,31-Oct-2008,1
,FULL,PRESENT,RESERVIOR,MIN. DRAW,ANNUAL,ENERGY ENERGY,EFF.,EFF. CAP,CUMMULATIVE
,RESERVOIR,RESERVOIR,LEVEL ON,DOWN,DESIGN,CONTENT CONTENT,CAP.,AT,ENERGY
,RESERVOIR,STATE,LEVEL,LEVEL,THE SAME,LEVEL,POTEN-,AT,AT,AT,PRESENT,GEN. FROM
,DAY LAST,TIAL,F.R.L. PRESENT,F.R.L.,LEVEL,1ST. OF
,YEAR,LEVEL,THE MONTH

,M,FT,M,FT,M,FT,M,FT,MU,MU,MU,MCM,MAFT,MCM,MAFT

BHAKRA,PUNJAB,513.59,1685.01,508.72,1669.03,501.99,1646.95,445.62,1462.01,5282.00,1728.80,1486.12,6516.07,5.28,5715.11,4.63,3502.48


PONG,PUNJAB,426.72,1400.00,422.03,1384.62,409.01,1341.90,384.05,1260.01,1123.00,1084.00,870.82,6946.00,5.63,5768.14,4.68,646.46


RANJIT SAGAR,PUNJAB,527.91,1731.99,512.98,1683.01,508.78,1669.23,487.91,1600.75,1507.00,390.30,249.37,7199.17,5.84,1135.75,0.92,1125.89


R.P. SAGAR,RAJASTHAN,352.81,1157.51,352.41,1156.20,351.23,1152.33,343.81,1127.99,459.00,175.66,162.69,1568.98,1.27,1494.73,1.21,94.68


RIHAND,UTTAR PRADESH,268.22,879.99,261.15,856.80,259.11,850.10,252.98,829.99,920.00,860.50,369.00,5845.50,4.74,2769.47,2.25,263.80


RAM GANGA,UTTARAKHAND,366.00,1200.79,356.53,1169.72,360.93,1184.15,323.00,1059.71,164.00,480.80,315.03,2109.25,1.71,1482.72,1.20,117.77

,740.04
TEHRI,UTTARAKHAND,829.79,2722.41,820.00,2690.29 29-OCT-07,2427.95,740.04,2427.95,309.00,1291.49,1061.74,2615.00,2.12,2225.10,1.80,2107.52


SARDAR SAROVAR,GUJARAT,138.68,454.99,121.63,399.05,121.87,399.84,110.84,363.65,5469.00,1817.55,405.79,5760.00,4.67,1513.41,1.23,1366.19


UKAI,GUJARAT,105.16,345.01,101.71,333.68,104.16,341.73,82.30,270.01,1080.00,813.08,574.37,6619.15,5.37,5146.51,4.17,268.35


GANDHI SAGAR,MADHYA PRADESH,399.90,1312.01,386.96,1269.57,395.45,1297.41,381.00,1250.00,420.48,725.00,104.99,6911.19,5.60,1199.00,0.97,51.38

,256.91
INDIRA SAGAR,MADHYA PRADESH,262.14,860.04,254.61,835.33 30-OCT-07,842.88,243.24,798.03,2628.00,1316.12,557.14,9706.00,7.87,4086.15,3.31,870.54

,606.03
BHIRA,MAHARASHTRA,606.03,1988.29,605.48,1986.48 30-OCT-07,1988.29,590.09,1935.99,790.00,618.80,591.31,522.76,0.42,499.54,0.40,98.17

,657.86
KOYNA,MAHARASHTRA,657.91,2158.50,657.76,2158.00 30-OCT-07,2158.33,609.60,2000.00,3130.00,3126.10,3104.07,2677.14,2.17,2656.43,2.15,1954.41


MACHKUND,ANDHRA PRADESH,838.20,2750.00,836.54,2744.55,837.73,2748.46,513.59,1685.01,670.00,551.60,469.47,892.55,0.72,759.64,0.62,434.19


NAGARJUN SAGAR,ANDHRA PRADESH,179.83,589.99,177.24,581.50,176.45,578.90,150.88,495.01,2237.00,1398.13,1215.79,6537.80,5.30,5789.09,4.69,782.33


SRISAILAM,ANDHRA PRADESH,269.75,885.01,267.74,878.41,269.23,883.30,243.84,800.00,4300.00,1391.84,1166.91,7105.96,5.76,6007.86,4.87,1213.37


ALMATTI,KARNATAKA,519.62,1704.79,519.60,1704.72,519.6,1704.72,505.97,1660.01,483.00,175.35,2631.50,2.13,296.05

,133260.00
KALINDI SUPA,KARNATAKA,563.88,1850.00,548.20,1798.56,560.67,1839.47,513.52,1684.78,542.00,2885.00,1585.08,108.04,72917.40,59.12,254.78


SHARAVATHY,KARNATAKA,554.43,1819.00,550.51,1806.14,553.81,1816.96,522.73,1714.99,5564.00,4557.03,3367.30,4297.08,3.48,3175.22,2.57,3321.89


IDAMALAYAR,KERALA,169.00,554.46,153.40,503.28,168.58,553.08,114.99,377.26,380.00,254.45,148.64,1017.80,0.83,596.44,0.48,197.76
,DAILY REPORT OF HYDRO RESERVOIRS FOR,31-Oct-2008,2
,FULL,PRESENT,RESERVIOR,MIN. DRAW,ANNUAL,ENERGY ENERGY,EFF.,EFF. CAP,CUMMULATIVE
,RESERVOIR,RESERVOIR,LEVEL ON,DOWN,DESIGN,CONTENT CONTENT,CAP.,AT,ENERGY
,RESERVOIR,STATE,LEVEL,LEVEL,THE SAME,LEVEL,POTEN-,AT,AT,AT,PRESENT,GEN. FROM
,DAY LAST,TIAL,F.R.L. PRESENT,F.R.L.,LEVEL,1ST. OF
,YEAR,LEVEL,THE MONTH

,M,FT,M,FT,M,FT,M,FT,MU,MU,MU,MCM,MAFT,MCM,MAFT

IDUKKI,KERALA,732.35,2402.72,718.90,2358.60,730.76,2397.51,694.94,2279.99,2398.00,2146.32,1143.38,1459.50,1.18,777.50,0.63,1476.53


MADUPATTY,KERALA,1599.38,5247.31,1599.38,5247.31,1599.2,5246.72,1554.48,5100.00,6.40,77.40,77.39,55.32,0.04,55.31,0.04,0.30


SABRIGRI,KERALA,981.46,3220.01,981.25,3219.32,981.45,3219.98,908.30,2979.99,1338.00,764.00,446.26,0.36,495.83


KUNDAH GROUP,TAMIL NADU,3241.47,1411,4629.27,1315.00,1270.00,988.00,346.50,0.28,1871.35


METTURE,TAMIL NADU,240.79,789.99,231.17,758.43,240.79,789.99,211.23,693.01,790.00,204.00,88.58,2504.70,2.03,1298.65,1.05,3773.97


PERIYAR,TAMIL NADU,46.33,152.00,38.95,127.79,41.57,136.38,33.53,110.01,409.00,216.00,76.73,273.51,0.22,93.71,0.08,308.39


BALIMELA,ORISSA,462.08,1516.01,450.98,1479.60,461.44,1513.91,438.91,1439.99,1183.00,897.75,354.07,2675.96,2.17,1055.38,0.86,599.46


HIRAKUD,ORISSA,192.02,629.99,191.05,626.79,191.29,627.59,179.83,589.99,1174.00,372.28,314.97,4709.43,3.82,4088.25,3.31,755.04


INDRAVATI,ORISSA,641.84,2105.77,639.76,2098.95,640.5,2101.38,625.00,2050.52,1962.00,1213.13,661.41,1485.50,1.20,1243.50,1.01,1285.22


RENGALI,ORISSA,123.44,404.99,122.08,400.52,121.15,397.47,109.72,359.97,525.00,275.00,203.50,3167.81,2.57,2696.48,2.19,683.05


UPPER KOLAB,ORISSA,857.78,2814.24,852.91,2798.26,856.11,2808.76,843.78,2768.31,832.00,540.00,268.55,935.00,0.76,486.47,0.39,374.75


LOKTAK,MANIPUR,768.50,2521.33,768.05,2519.85,768.5,2521.33,766.01,2513.16,450.00,250.00,141.73,0.00,0.00,313.52


** BHAKRA - POTENTIAL OF 5282 MU INCLUDES THOSE OF GANGWAL AND KOTLA STATIONS AND CORRESPONDS TO A DRY YEAR. THE POTENTIAL FOR A DEPENDABLE YEAR IS 6057 MU.
*** INCLUDES GANGUWAL & KOTLA.
$ UKAI - THE POTENTIAL FOR DEPENDABLE YEAR DURING THE INITIAL YEAR IS 1080 MU AND WOULD REDUCE TO 605 MU AS AND WHEN UPSTREAM IRRIGATION DEVELOPS.
$$ ENERGY CONTENT AT GANDHI SAGAR INCLUDES FOR GENERATION AT R.P.SAGAR AND JAWAHAR SAGAR.
@ KOYNA - POTENTIAL OF 3523 MU IS CORRESPONDING TO 87 TMC OF WATER AVAILABLE FOR POWER GENERATION AS PER KRISHNA WATER DISPUTE TRIBUNAL AWARD FOR KOYNA I,II,III & IV.
* RANJIT SAGAR - ENERGY CONTENT AT F.R.L. WORKED OUT CONSIDERING NIL INFLOW IN THE RESERVIOR.

