01-01-2011,
01-01-2011,
01-01-2011,
02-01-2011,
02-01-2011,
02-01-2011,
03-01-2011,
03-01-2011,
03-01-2011,
04-01-2011,
04-01-2011,
04-01-2011,
05-01-2011,
05-01-2011,
05-01-2011,
06-01-2011,
06-01-2011,
06-01-2011,
07-01-2011,
07-01-2011,
07-01-2011,
08-01-2011,
08-01-2011,
08-01-2011,
09-01-2011,
09-01-2011,
09-01-2011,
10-01-2011,
10-01-2011,
10-01-2011,
11-01-2011,
11-01-2011,
11-01-2011,
12-01-2011,
12-01-2011,
12-01-2011,
13-01-2011,
13-01-2011,
13-01-2011,
14-01-2011,
14-01-2011,
14-01-2011,
15-01-2011,
15-01-2011,
15-01-2011,
16-01-2011,
16-01-2011,
16-01-2011,
17-01-2011,
17-01-2011,
17-01-2011,
18-01-2011,
18-01-2011,
18-01-2011,
19-01-2011,
19-01-2011,
19-01-2011,
20-01-2011,
20-01-2011,
20-01-2011,
21-01-2011,
21-01-2011,
21-01-2011,
22-01-2011,
22-01-2011,
22-01-2011,
23-01-2011,
23-01-2011,
23-01-2011,
24-01-2011,
24-01-2011,
24-01-2011,
25-01-2011,
25-01-2011,
25-01-2011,
26-01-2011,
26-01-2011,
26-01-2011,
27-01-2011,
27-01-2011,
27-01-2011,
28-01-2011,
28-01-2011,
28-01-2011,
29-01-2011,
29-01-2011,
29-01-2011,
30-01-2011,
30-01-2011,
30-01-2011,
31-01-2011,
31-01-2011,
31-01-2011,
01-02-2011,
01-02-2011,
01-02-2011,
02-02-2011,
02-02-2011,
02-02-2011,
03-02-2011,
03-02-2011,
03-02-2011,
04-02-2011,
04-02-2011,
04-02-2011,
05-02-2011,
05-02-2011,
05-02-2011,
06-02-2011,
06-02-2011,
06-02-2011,
07-02-2011,
07-02-2011,
07-02-2011,
08-02-2011,
08-02-2011,
08-02-2011,
09-02-2011,
09-02-2011,
09-02-2011,
10-02-2011,
10-02-2011,
10-02-2011,
11-02-2011,
11-02-2011,
11-02-2011,
12-02-2011,
12-02-2011,
12-02-2011,
13-02-2011,
13-02-2011,
13-02-2011,
14-02-2011,
14-02-2011,
14-02-2011,
15-02-2011,
15-02-2011,
15-02-2011,
16-02-2011,
16-02-2011,
16-02-2011,
17-02-2011,
17-02-2011,
17-02-2011,
18-02-2011,
18-02-2011,
18-02-2011,
19-02-2011,
19-02-2011,
19-02-2011,
20-02-2011,
20-02-2011,
20-02-2011,
21-02-2011,
21-02-2011,
21-02-2011,
22-02-2011,
22-02-2011,
22-02-2011,
23-02-2011,
23-02-2011,
23-02-2011,
24-02-2011,
24-02-2011,
24-02-2011,
25-02-2011,
25-02-2011,
25-02-2011,
26-02-2011,
26-02-2011,
26-02-2011,
27-02-2011,
27-02-2011,
27-02-2011,
28-02-2011,
28-02-2011,
28-02-2011,
01-03-2011,
01-03-2011,
01-03-2011,
02-03-2011,
02-03-2011,
02-03-2011,
03-03-2011,
03-03-2011,
03-03-2011,
04-03-2011,
04-03-2011,
04-03-2011,
05-03-2011,
05-03-2011,
05-03-2011,
06-03-2011,
06-03-2011,
06-03-2011,
07-03-2011,
07-03-2011,
07-03-2011,
08-03-2011,
08-03-2011,
08-03-2011,
09-03-2011,
09-03-2011,
09-03-2011,
10-03-2011,
10-03-2011,
10-03-2011,
11-03-2011,
11-03-2011,
11-03-2011,
12-03-2011,
12-03-2011,
12-03-2011,
13-03-2011,
13-03-2011,
13-03-2011,
14-03-2011,
14-03-2011,
14-03-2011,
15-03-2011,
15-03-2011,
15-03-2011,
16-03-2011,
16-03-2011,
16-03-2011,
17-03-2011,
17-03-2011,
17-03-2011,
18-03-2011,
18-03-2011,
18-03-2011,
19-03-2011,
19-03-2011,
19-03-2011,
20-03-2011,
20-03-2011,
20-03-2011,
21-03-2011,
21-03-2011,
21-03-2011,
22-03-2011,
22-03-2011,
22-03-2011,
23-03-2011,
23-03-2011,
23-03-2011,
24-03-2011,
24-03-2011,
24-03-2011,
25-03-2011,
25-03-2011,
25-03-2011,
26-03-2011,
26-03-2011,
26-03-2011,
27-03-2011,
27-03-2011,
27-03-2011,
28-03-2011,
28-03-2011,
28-03-2011,
29-03-2011,
29-03-2011,
29-03-2011,
30-03-2011,
30-03-2011,
30-03-2011,
31-03-2011,
31-03-2011,
31-03-2011,
01-04-2011,
01-04-2011,XIV. Tripping of lines in pooling stations :
01-04-2011,
02-04-2011,
02-04-2011,XIV. Tripping of lines in pooling stations :
02-04-2011,
03-04-2011,
03-04-2011,XIV. Tripping of lines in pooling stations :
03-04-2011,
04-04-2011,
04-04-2011,XIV. Tripping of lines in pooling stations :
04-04-2011,
05-04-2011,
05-04-2011,XIV. Tripping of lines in pooling stations :
05-04-2011,
06-04-2011,
06-04-2011,XIV. Tripping of lines in pooling stations :
06-04-2011,
07-04-2011,
07-04-2011,XIV. Tripping of lines in pooling stations :
07-04-2011,
08-04-2011,
08-04-2011,XIV. Tripping of lines in pooling stations :
08-04-2011,
09-04-2011,
09-04-2011,XIV. Tripping of lines in pooling stations :
09-04-2011,
10-04-2011,
10-04-2011,XIV. Tripping of lines in pooling stations :
10-04-2011,
11-04-2011,
11-04-2011,XIV. Tripping of lines in pooling stations :
11-04-2011,
12-04-2011,
12-04-2011,XIV. Tripping of lines in pooling stations :
12-04-2011,
13-04-2011,
13-04-2011,XIV. Tripping of lines in pooling stations :
13-04-2011,
14-04-2011,
14-04-2011,XIV. Tripping of lines in pooling stations :
14-04-2011,
15-04-2011,
15-04-2011,XIV. Tripping of lines in pooling stations :
15-04-2011,
16-04-2011,
16-04-2011,XIV. Tripping of lines in pooling stations :
16-04-2011,
17-04-2011,
17-04-2011,XIV. Tripping of lines in pooling stations :
17-04-2011,
18-04-2011,
18-04-2011,XIV. Tripping of lines in pooling stations :
18-04-2011,
19-04-2011,
19-04-2011,XIV. Tripping of lines in pooling stations :
19-04-2011,
20-04-2011,
20-04-2011,XIV. Tripping of lines in pooling stations :
20-04-2011,
21-04-2011,
21-04-2011,XIV. Tripping of lines in pooling stations :
21-04-2011,
22-04-2011,
22-04-2011,XIV. Tripping of lines in pooling stations :
22-04-2011,
23-04-2011,
23-04-2011,XIV. Tripping of lines in pooling stations :
23-04-2011,
24-04-2011,
24-04-2011,XIV. Tripping of lines in pooling stations :
24-04-2011,
25-04-2011,
25-04-2011,XIV. Tripping of lines in pooling stations :
25-04-2011,
26-04-2011,
26-04-2011,XIV. Tripping of lines in pooling stations :
26-04-2011,
27-04-2011,
27-04-2011,XIV. Tripping of lines in pooling stations :
27-04-2011,
28-04-2011,
28-04-2011,XIV. Tripping of lines in pooling stations :
28-04-2011,
29-04-2011,
29-04-2011,XIV. Tripping of lines in pooling stations :
29-04-2011,
30-04-2011,
30-04-2011,XIV. Tripping of lines in pooling stations :
30-04-2011,
01-05-2011,
01-05-2011,XIV. Tripping of lines in pooling stations :
01-05-2011,
02-05-2011,
02-05-2011,XIV. Tripping of lines in pooling stations :
02-05-2011,
03-05-2011,
03-05-2011,XIV. Tripping of lines in pooling stations :
03-05-2011,
04-05-2011,
04-05-2011,XIV. Tripping of lines in pooling stations :
04-05-2011,
05-05-2011,
05-05-2011,XIV. Tripping of lines in pooling stations :
05-05-2011,
06-05-2011,
06-05-2011,XIV. Tripping of lines in pooling stations :
06-05-2011,
07-05-2011,
07-05-2011,XIV. Tripping of lines in pooling stations :
07-05-2011,
08-05-2011,
08-05-2011,XIV. Tripping of lines in pooling stations :
08-05-2011,
09-05-2011,
09-05-2011,XIV. Tripping of lines in pooling stations :
09-05-2011,
10-05-2011,
10-05-2011,XIV. Tripping of lines in pooling stations :
10-05-2011,
11-05-2011,
11-05-2011,XIV. Tripping of lines in pooling stations :
11-05-2011,
12-05-2011,
12-05-2011,XIV. Tripping of lines in pooling stations :
12-05-2011,
13-05-2011,
13-05-2011,XIV. Tripping of lines in pooling stations :
13-05-2011,
14-05-2011,
14-05-2011,XIV. Tripping of lines in pooling stations :
14-05-2011,
15-05-2011,
15-05-2011,XIV. Tripping of lines in pooling stations :
15-05-2011,
16-05-2011,
16-05-2011,XIV. Tripping of lines in pooling stations :
16-05-2011,
17-05-2011,
17-05-2011,XIV. Tripping of lines in pooling stations :
17-05-2011,
18-05-2011,
18-05-2011,XIV. Tripping of lines in pooling stations :
18-05-2011,
19-05-2011,
19-05-2011,XIV. Tripping of lines in pooling stations :
19-05-2011,
20-05-2011,
20-05-2011,XIV. Tripping of lines in pooling stations :
20-05-2011,
21-05-2011,
21-05-2011,XIV. Tripping of lines in pooling stations :
21-05-2011,
22-05-2011,
22-05-2011,XIV. Tripping of lines in pooling stations :
22-05-2011,
23-05-2011,
23-05-2011,XIV. Tripping of lines in pooling stations :
23-05-2011,
24-05-2011,
24-05-2011,XIV. Tripping of lines in pooling stations :
24-05-2011,
25-05-2011,
25-05-2011,XIV. Tripping of lines in pooling stations :
25-05-2011,
26-05-2011,
26-05-2011,XIV. Tripping of lines in pooling stations :
26-05-2011,
27-05-2011,
27-05-2011,XIV. Tripping of lines in pooling stations :
27-05-2011,
28-05-2011,
28-05-2011,XIV. Tripping of lines in pooling stations :
28-05-2011,
29-05-2011,
29-05-2011,XIV. Tripping of lines in pooling stations :
29-05-2011,
30-05-2011,
30-05-2011,XIV. Tripping of lines in pooling stations :
30-05-2011,
31-05-2011,
31-05-2011,XIV. Tripping of lines in pooling stations :
31-05-2011,
01-06-2011,
01-06-2011,XIV. Tripping of lines in pooling stations :
01-06-2011,
02-06-2011,
02-06-2011,XIV. Tripping of lines in pooling stations :
02-06-2011,
03-06-2011,
03-06-2011,XIV. Tripping of lines in pooling stations :
03-06-2011,
04-06-2011,
04-06-2011,XIV. Tripping of lines in pooling stations :
04-06-2011,
05-06-2011,
05-06-2011,XIV. Tripping of lines in pooling stations :
05-06-2011,
06-06-2011,
06-06-2011,XIV. Tripping of lines in pooling stations :
06-06-2011,
07-06-2011,
07-06-2011,XIV. Tripping of lines in pooling stations :
07-06-2011,
08-06-2011,
08-06-2011,XIV. Tripping of lines in pooling stations :
08-06-2011,
09-06-2011,
09-06-2011,XIV. Tripping of lines in pooling stations :
09-06-2011,
10-06-2011,
10-06-2011,XIV. Tripping of lines in pooling stations :
10-06-2011,
11-06-2011,
11-06-2011,XIV. Tripping of lines in pooling stations :
11-06-2011,
12-06-2011,
12-06-2011,XIV. Tripping of lines in pooling stations :
12-06-2011,
13-06-2011,
13-06-2011,XIV. Tripping of lines in pooling stations :
13-06-2011,
14-06-2011,
14-06-2011,XIV. Tripping of lines in pooling stations :
14-06-2011,
15-06-2011,
15-06-2011,XIV. Tripping of lines in pooling stations :
15-06-2011,
16-06-2011,
16-06-2011,XIV. Tripping of lines in pooling stations :
16-06-2011,
17-06-2011,
17-06-2011,XIV. Tripping of lines in pooling stations :
17-06-2011,
18-06-2011,
18-06-2011,XIV. Tripping of lines in pooling stations :
18-06-2011,
19-06-2011,
19-06-2011,XIV. Tripping of lines in pooling stations :
19-06-2011,
20-06-2011,
20-06-2011,XIV. Tripping of lines in pooling stations :
20-06-2011,
21-06-2011,
21-06-2011,XIV. Tripping of lines in pooling stations :
21-06-2011,
22-06-2011,
22-06-2011,XIV. Tripping of lines in pooling stations :
22-06-2011,
23-06-2011,
23-06-2011,XIV. Tripping of lines in pooling stations :
23-06-2011,
24-06-2011,
24-06-2011,XIV. Tripping of lines in pooling stations :
24-06-2011,
25-06-2011,
25-06-2011,XIV. Tripping of lines in pooling stations :
25-06-2011,
26-06-2011,
26-06-2011,Bhakra
26-06-2011,Pong
27-06-2011,
27-06-2011,XIV. Tripping of lines in pooling stations :
27-06-2011,
28-06-2011,
28-06-2011,XIV. Tripping of lines in pooling stations :
28-06-2011,
29-06-2011,
29-06-2011,XIV. Tripping of lines in pooling stations :
29-06-2011,
30-06-2011,
30-06-2011,Bhakra
30-06-2011,Pong
01-07-2011,
01-07-2011,Bhakra
01-07-2011,Pong
02-07-2011,
02-07-2011,Bhakra
02-07-2011,Pong
03-07-2011,
03-07-2011,Bhakra
03-07-2011,Pong
04-07-2011,
04-07-2011,Bhakra
04-07-2011,Pong
05-07-2011,
05-07-2011,
05-07-2011,VIII. Reservior Parameters:
06-07-2011,
06-07-2011,
06-07-2011,VIII. Reservior Parameters:
07-07-2011,
07-07-2011,
07-07-2011,VIII. Reservior Parameters:
08-07-2011,
08-07-2011,
08-07-2011,VIII. Reservior Parameters:
09-07-2011,
09-07-2011,
09-07-2011,VIII. Reservior Parameters:
10-07-2011,
10-07-2011,
10-07-2011,VIII. Reservior Parameters:
11-07-2011,
11-07-2011,
11-07-2011,VIII. Reservior Parameters:
12-07-2011,
12-07-2011,
12-07-2011,VIII. Reservior Parameters:
13-07-2011,
13-07-2011,
13-07-2011,VIII. Reservior Parameters:
14-07-2011,
14-07-2011,
14-07-2011,VIII. Reservior Parameters:
15-07-2011,
15-07-2011,
15-07-2011,VIII. Reservior Parameters:
16-07-2011,
16-07-2011,
16-07-2011,VIII. Reservior Parameters:
17-07-2011,
17-07-2011,
17-07-2011,VIII. Reservior Parameters:
18-07-2011,
18-07-2011,
18-07-2011,VIII. Reservior Parameters:
19-07-2011,
19-07-2011,
19-07-2011,VIII. Reservior Parameters:
20-07-2011,
20-07-2011,
20-07-2011,VIII. Reservior Parameters:
21-07-2011,
21-07-2011,
21-07-2011,VIII. Reservior Parameters:
22-07-2011,
22-07-2011,
22-07-2011,VIII. Reservior Parameters:
23-07-2011,
23-07-2011,
23-07-2011,VIII. Reservior Parameters:
24-07-2011,
24-07-2011,
24-07-2011,VIII. Reservior Parameters:
25-07-2011,
25-07-2011,
25-07-2011,VIII. Reservior Parameters:
26-07-2011,
26-07-2011,
26-07-2011,VIII. Reservior Parameters:
27-07-2011,
27-07-2011,
27-07-2011,VIII. Reservior Parameters:
28-07-2011,
28-07-2011,
28-07-2011,VIII. Reservior Parameters:
29-07-2011,
29-07-2011,
29-07-2011,VIII. Reservior Parameters:
30-07-2011,
30-07-2011,
30-07-2011,VIII. Reservior Parameters:
31-07-2011,
31-07-2011,
31-07-2011,VIII. Reservior Parameters:
01-08-2011,
01-08-2011,
01-08-2011,VIII. Reservior Parameters:
02-08-2011,
02-08-2011,Kishenpur
02-08-2011,Wagoora
03-08-2011,
03-08-2011,Kishenpur
03-08-2011,Wagoora
04-08-2011,
04-08-2011,Kishenpur
04-08-2011,Wagoora
05-08-2011,
05-08-2011,Kishenpur
05-08-2011,Wagoora
06-08-2011,
06-08-2011,Kishenpur
06-08-2011,Wagoora
07-08-2011,
07-08-2011,Nalagarh
07-08-2011,Kishenpur
08-08-2011,
08-08-2011,Nalagarh
08-08-2011,Kishenpur
09-08-2011,
09-08-2011,Nalagarh
09-08-2011,Kishenpur
10-08-2011,
10-08-2011,Nalagarh
10-08-2011,Kishenpur
11-08-2011,
11-08-2011,Nalagarh
11-08-2011,Kishenpur
12-08-2011,
12-08-2011,Nalagarh
12-08-2011,Kishenpur
13-08-2011,
13-08-2011,Nalagarh
13-08-2011,Kishenpur
14-08-2011,
14-08-2011,Nalagarh
14-08-2011,Kishenpur
15-08-2011,
15-08-2011,Nalagarh
15-08-2011,Kishenpur
16-08-2011,
16-08-2011,Nalagarh
16-08-2011,Kishenpur
17-08-2011,
17-08-2011,Nalagarh
17-08-2011,Kishenpur
18-08-2011,
18-08-2011,Nalagarh
18-08-2011,Kishenpur
19-08-2011,
19-08-2011,Nalagarh
19-08-2011,Kishenpur
20-08-2011,
20-08-2011,Nalagarh
20-08-2011,Kishenpur
21-08-2011,
21-08-2011,Nalagarh
21-08-2011,Kishenpur
22-08-2011,
22-08-2011,Nalagarh
22-08-2011,Kishenpur
23-08-2011,
23-08-2011,Nalagarh
23-08-2011,Kishenpur
24-08-2011,
24-08-2011,Nalagarh
24-08-2011,Kishenpur
25-08-2011,
25-08-2011,Nalagarh
25-08-2011,Kishenpur
26-08-2011,
26-08-2011,Nalagarh
26-08-2011,Kishenpur
27-08-2011,
27-08-2011,Nalagarh
27-08-2011,Kishenpur
28-08-2011,
28-08-2011,Nalagarh
28-08-2011,Kishenpur
29-08-2011,
29-08-2011,Nalagarh
29-08-2011,Kishenpur
30-08-2011,
30-08-2011,Nalagarh
30-08-2011,Kishenpur
31-08-2011,
31-08-2011,Nalagarh
31-08-2011,Kishenpur
01-09-2011,
01-09-2011,Nalagarh
01-09-2011,Kishenpur
02-09-2011,
02-09-2011,Nalagarh
02-09-2011,Kishenpur
03-09-2011,
03-09-2011,Nalagarh
03-09-2011,Kishenpur
04-09-2011,
04-09-2011,Nalagarh
04-09-2011,Kishenpur
05-09-2011,
05-09-2011,Nalagarh
05-09-2011,Kishenpur
06-09-2011,
06-09-2011,Nalagarh
06-09-2011,Kishenpur
07-09-2011,
07-09-2011,Nalagarh
07-09-2011,Kishenpur
08-09-2011,
08-09-2011,Nalagarh
08-09-2011,Kishenpur
09-09-2011,
09-09-2011,Nalagarh
09-09-2011,Kishenpur
10-09-2011,
10-09-2011,Nalagarh
10-09-2011,Kishenpur
11-09-2011,
11-09-2011,Nalagarh
11-09-2011,Kishenpur
12-09-2011,
12-09-2011,Nalagarh
12-09-2011,Kishenpur
13-09-2011,
13-09-2011,Nalagarh
13-09-2011,Kishenpur
14-09-2011,
14-09-2011,Nalagarh
14-09-2011,Kishenpur
15-09-2011,
15-09-2011,Nalagarh
15-09-2011,Kishenpur
16-09-2011,
16-09-2011,Nalagarh
16-09-2011,Kishenpur
17-09-2011,
17-09-2011,Nalagarh
17-09-2011,Kishenpur
18-09-2011,
18-09-2011,Nalagarh
18-09-2011,Kishenpur
19-09-2011,
19-09-2011,Nalagarh
19-09-2011,Kishenpur
20-09-2011,
20-09-2011,Nalagarh
20-09-2011,Kishenpur
21-09-2011,
21-09-2011,Nalagarh
21-09-2011,Kishenpur
22-09-2011,
22-09-2011,Nalagarh
22-09-2011,Kishenpur
23-09-2011,
23-09-2011,Nalagarh
23-09-2011,Kishenpur
24-09-2011,
24-09-2011,Nalagarh
24-09-2011,Kishenpur
25-09-2011,
25-09-2011,Nalagarh
25-09-2011,Kishenpur
26-09-2011,
26-09-2011,Nalagarh
26-09-2011,Kishenpur
27-09-2011,
27-09-2011,Nalagarh
27-09-2011,Kishenpur
28-09-2011,
28-09-2011,Nalagarh
28-09-2011,Kishenpur
29-09-2011,
29-09-2011,Nalagarh
29-09-2011,Kishenpur
30-09-2011,
30-09-2011,Nalagarh
30-09-2011,Kishenpur
01-10-2011,
01-10-2011,Nalagarh
01-10-2011,Kishenpur
02-10-2011,
02-10-2011,Nalagarh
02-10-2011,Kishenpur
03-10-2011,
03-10-2011,Nalagarh
03-10-2011,Kishenpur
04-10-2011,
04-10-2011,Nalagarh
04-10-2011,Kishenpur
05-10-2011,
05-10-2011,Nalagarh
05-10-2011,Kishenpur
06-10-2011,
06-10-2011,Nalagarh
06-10-2011,Kishenpur
07-10-2011,
07-10-2011,Nalagarh
07-10-2011,Kishenpur
08-10-2011,
08-10-2011,Nalagarh
08-10-2011,Kishenpur
09-10-2011,
09-10-2011,Nalagarh
09-10-2011,Kishenpur
10-10-2011,
10-10-2011,Nalagarh
10-10-2011,Kishenpur
11-10-2011,
11-10-2011,Nalagarh
11-10-2011,Kishenpur
12-10-2011,
12-10-2011,Nalagarh
12-10-2011,Kishenpur
13-10-2011,
13-10-2011,Nalagarh
13-10-2011,Kishenpur
14-10-2011,
14-10-2011,Nalagarh
14-10-2011,Kishenpur
15-10-2011,
15-10-2011,Nalagarh
15-10-2011,Kishenpur
16-10-2011,
16-10-2011,Nalagarh
16-10-2011,Kishenpur
17-10-2011,
17-10-2011,Nalagarh
17-10-2011,Kishenpur
18-10-2011,
18-10-2011,Nalagarh
18-10-2011,Kishenpur
19-10-2011,
19-10-2011,Nalagarh
19-10-2011,Kishenpur
20-10-2011,
20-10-2011,Nalagarh
20-10-2011,Kishenpur
21-10-2011,
21-10-2011,Nalagarh
21-10-2011,Kishenpur
22-10-2011,
22-10-2011,Nalagarh
22-10-2011,Kishenpur
23-10-2011,
23-10-2011,Nalagarh
23-10-2011,Kishenpur
24-10-2011,
24-10-2011,Nalagarh
24-10-2011,Kishenpur
25-10-2011,
25-10-2011,Nalagarh
25-10-2011,Kishenpur
26-10-2011,
26-10-2011,Nalagarh
26-10-2011,Kishenpur
27-10-2011,
27-10-2011,Nalagarh
27-10-2011,Kishenpur
28-10-2011,
28-10-2011,Nalagarh
28-10-2011,Kishenpur
29-10-2011,
29-10-2011,Nalagarh
29-10-2011,Kishenpur
30-10-2011,
30-10-2011,Nalagarh
30-10-2011,Kishenpur
31-10-2011,
31-10-2011,Nalagarh
31-10-2011,Kishenpur
01-11-2011,
01-11-2011,Nalagarh
01-11-2011,Kishenpur
02-11-2011,
02-11-2011,Nalagarh
02-11-2011,Kishenpur
03-11-2011,
03-11-2011,Nalagarh
03-11-2011,Kishenpur
04-11-2011,
04-11-2011,Nalagarh
04-11-2011,Kishenpur
05-11-2011,
05-11-2011,Nalagarh
05-11-2011,Kishenpur
06-11-2011,
06-11-2011,Nalagarh
06-11-2011,Kishenpur
07-11-2011,
07-11-2011,Nalagarh
07-11-2011,Kishenpur
08-11-2011,
08-11-2011,Nalagarh
08-11-2011,Kishenpur
09-11-2011,
09-11-2011,Nalagarh
09-11-2011,Kishenpur
10-11-2011,
10-11-2011,Nalagarh
10-11-2011,Kishenpur
11-11-2011,
11-11-2011,Nalagarh
11-11-2011,Kishenpur
12-11-2011,
12-11-2011,Nalagarh
12-11-2011,Kishenpur
13-11-2011,
13-11-2011,Nalagarh
13-11-2011,Kishenpur
14-11-2011,
14-11-2011,Nalagarh
14-11-2011,Kishenpur
15-11-2011,
15-11-2011,Nalagarh
15-11-2011,Kishenpur
16-11-2011,
16-11-2011,Nalagarh
16-11-2011,Kishenpur
17-11-2011,
17-11-2011,Moga
17-11-2011,Abdullapur
18-11-2011,
18-11-2011,Moga
18-11-2011,Abdullapur
19-11-2011,
19-11-2011,Moga
19-11-2011,Abdullapur
20-11-2011,
20-11-2011,Moga
20-11-2011,Abdullapur
21-11-2011,
21-11-2011,Moga
21-11-2011,Abdullapur
22-11-2011,
22-11-2011,Moga
22-11-2011,Abdullapur
23-11-2011,
23-11-2011,Moga
23-11-2011,Abdullapur
24-11-2011,
24-11-2011,Moga
24-11-2011,Abdullapur
25-11-2011,
25-11-2011,Moga
25-11-2011,Abdullapur
26-11-2011,
26-11-2011,Moga
26-11-2011,Abdullapur
27-11-2011,
27-11-2011,Moga
27-11-2011,Abdullapur
28-11-2011,
28-11-2011,Moga
28-11-2011,Abdullapur
29-11-2011,
29-11-2011,Moga
29-11-2011,Abdullapur
30-11-2011,
30-11-2011,Moga
30-11-2011,Abdullapur
01-12-2011,
01-12-2011,Moga
01-12-2011,Abdullapur
02-12-2011,
02-12-2011,Moga
02-12-2011,Abdullapur
03-12-2011,
03-12-2011,Moga
03-12-2011,Abdullapur
04-12-2011,
04-12-2011,Moga
04-12-2011,Abdullapur
05-12-2011,
05-12-2011,Moga
05-12-2011,Abdullapur
06-12-2011,
06-12-2011,Moga
06-12-2011,Abdullapur
07-12-2011,
07-12-2011,Moga
07-12-2011,Abdullapur
08-12-2011,
08-12-2011,Moga
08-12-2011,Abdullapur
09-12-2011,
09-12-2011,Moga
09-12-2011,Abdullapur
10-12-2011,
10-12-2011,Moga
10-12-2011,Abdullapur
11-12-2011,
11-12-2011,Moga
11-12-2011,Abdullapur
12-12-2011,
12-12-2011,Moga
12-12-2011,Abdullapur
13-12-2011,
13-12-2011,Moga
13-12-2011,Abdullapur
14-12-2011,
14-12-2011,Moga
14-12-2011,Abdullapur
15-12-2011,
15-12-2011,Moga
15-12-2011,Abdullapur
16-12-2011,
16-12-2011,Moga
16-12-2011,Abdullapur
17-12-2011,
17-12-2011,Moga
17-12-2011,Abdullapur
18-12-2011,
18-12-2011,Moga
18-12-2011,Abdullapur
19-12-2011,
19-12-2011,Moga
19-12-2011,Abdullapur
20-12-2011,
20-12-2011,Moga
20-12-2011,Abdullapur
21-12-2011,
21-12-2011,Moga
21-12-2011,Abdullapur
22-12-2011,
22-12-2011,Moga
22-12-2011,Abdullapur
23-12-2011,
23-12-2011,Moga
23-12-2011,Abdullapur
24-12-2011,
24-12-2011,Moga
24-12-2011,Abdullapur
25-12-2011,
25-12-2011,Moga
25-12-2011,Abdullapur
26-12-2011,
26-12-2011,Moga
26-12-2011,Abdullapur
27-12-2011,
27-12-2011,Moga
27-12-2011,Abdullapur
28-12-2011,
28-12-2011,Moga
28-12-2011,Abdullapur
29-12-2011,
29-12-2011,Moga
29-12-2011,Abdullapur
30-12-2011,
30-12-2011,Moga
30-12-2011,Abdullapur
31-12-2011,
31-12-2011,Moga
31-12-2011,Abdullapur
01-01-2012,
01-01-2012,Moga
01-01-2012,Abdullapur
02-01-2012,
02-01-2012,Moga
02-01-2012,Abdullapur
03-01-2012,
03-01-2012,Moga
03-01-2012,Abdullapur
04-01-2012,
04-01-2012,Moga
04-01-2012,Abdullapur
05-01-2012,
05-01-2012,Moga
05-01-2012,Abdullapur
06-01-2012,
06-01-2012,Moga
06-01-2012,Abdullapur
07-01-2012,
07-01-2012,Moga
07-01-2012,Abdullapur
08-01-2012,
08-01-2012,Moga
08-01-2012,Abdullapur
09-01-2012,
09-01-2012,Moga
09-01-2012,Abdullapur
10-01-2012,
10-01-2012,Moga
10-01-2012,Abdullapur
11-01-2012,
11-01-2012,Moga
11-01-2012,Abdullapur
12-01-2012,
12-01-2012,Moga
12-01-2012,Abdullapur
13-01-2012,
13-01-2012,Moga
13-01-2012,Abdullapur
14-01-2012,
14-01-2012,Moga
14-01-2012,Abdullapur
15-01-2012,
15-01-2012,Moga
15-01-2012,Abdullapur
16-01-2012,
16-01-2012,Hissar
16-01-2012,Moga
17-01-2012,
17-01-2012,Hissar
17-01-2012,Moga
18-01-2012,
18-01-2012,Hissar
18-01-2012,Moga
19-01-2012,
19-01-2012,Hissar
19-01-2012,Moga
20-01-2012,
20-01-2012,Hissar
20-01-2012,Moga
21-01-2012,
21-01-2012,Hissar
21-01-2012,Moga
22-01-2012,
22-01-2012,Hissar
22-01-2012,Moga
23-01-2012,
23-01-2012,Hissar
23-01-2012,Moga
24-01-2012,
24-01-2012,Hissar
24-01-2012,Moga
25-01-2012,
25-01-2012,Hissar
25-01-2012,Moga
26-01-2012,
26-01-2012,Hissar
26-01-2012,Moga
27-01-2012,
27-01-2012,Hissar
27-01-2012,Moga
28-01-2012,
28-01-2012,Hissar
28-01-2012,Moga
29-01-2012,
29-01-2012,Hissar
29-01-2012,Moga
30-01-2012,
30-01-2012,Hissar
30-01-2012,Moga
31-01-2012,
31-01-2012,Hissar
31-01-2012,Moga
01-02-2012,
01-02-2012,Hissar
01-02-2012,Moga
02-02-2012,
02-02-2012,Hissar
02-02-2012,Moga
03-02-2012,
03-02-2012,Hissar
03-02-2012,Moga
04-02-2012,
04-02-2012,Hissar
04-02-2012,Moga
05-02-2012,
05-02-2012,Hissar
05-02-2012,Moga
06-02-2012,
06-02-2012,Hissar
06-02-2012,Moga
07-02-2012,
07-02-2012,Hissar
07-02-2012,Moga
08-02-2012,
08-02-2012,Hissar
08-02-2012,Moga
09-02-2012,
09-02-2012,Hissar
09-02-2012,Moga
10-02-2012,
10-02-2012,Hissar
10-02-2012,Moga
11-02-2012,
11-02-2012,Hissar
11-02-2012,Moga
12-02-2012,
12-02-2012,Hissar
12-02-2012,Moga
13-02-2012,
13-02-2012,Hissar
13-02-2012,Moga
14-02-2012,
14-02-2012,Hissar
14-02-2012,Moga
15-02-2012,
15-02-2012,Hissar
15-02-2012,Moga
16-02-2012,
16-02-2012,Hissar
16-02-2012,Moga
17-02-2012,
17-02-2012,Hissar
17-02-2012,Moga
18-02-2012,
18-02-2012,Hissar
18-02-2012,Moga
19-02-2012,
19-02-2012,Hissar
19-02-2012,Moga
20-02-2012,
20-02-2012,Hissar
20-02-2012,Moga
21-02-2012,
21-02-2012,Hissar
21-02-2012,Moga
22-02-2012,
22-02-2012,Hissar
22-02-2012,Moga
23-02-2012,
23-02-2012,Hissar
23-02-2012,Moga
24-02-2012,
24-02-2012,Hissar
24-02-2012,Moga
25-02-2012,
25-02-2012,Hissar
25-02-2012,Moga
26-02-2012,
26-02-2012,Hissar
26-02-2012,Moga
27-02-2012,
27-02-2012,Hissar
27-02-2012,Moga
28-02-2012,
28-02-2012,Hissar
28-02-2012,Moga
29-02-2012,
29-02-2012,Hissar
29-02-2012,Moga
01-03-2012,
01-03-2012,Hissar
01-03-2012,Moga
02-03-2012,
02-03-2012,Hissar
02-03-2012,Moga
03-03-2012,
03-03-2012,Hissar
03-03-2012,Moga
04-03-2012,
04-03-2012,Hissar
04-03-2012,Moga
05-03-2012,
05-03-2012,Hissar
05-03-2012,Moga
06-03-2012,
06-03-2012,Hissar
06-03-2012,Moga
07-03-2012,
07-03-2012,Hissar
07-03-2012,Moga
08-03-2012,
08-03-2012,Hissar
08-03-2012,Moga
09-03-2012,
09-03-2012,Hissar
09-03-2012,Moga
10-03-2012,
10-03-2012,Hissar
10-03-2012,Moga
11-03-2012,
11-03-2012,Hissar
11-03-2012,Moga
12-03-2012,
12-03-2012,Hissar
12-03-2012,Moga
13-03-2012,
13-03-2012,Hissar
13-03-2012,Moga
14-03-2012,
14-03-2012,Hissar
14-03-2012,Moga
15-03-2012,
15-03-2012,Hissar
15-03-2012,Moga
16-03-2012,
16-03-2012,Hissar
16-03-2012,Moga
17-03-2012,
17-03-2012,Hissar
17-03-2012,Moga
18-03-2012,
18-03-2012,Hissar
18-03-2012,Moga
19-03-2012,
19-03-2012,Hissar
19-03-2012,Moga
20-03-2012,
20-03-2012,Hissar
20-03-2012,Moga
21-03-2012,
21-03-2012,Hissar
21-03-2012,Moga
22-03-2012,
22-03-2012,Hissar
22-03-2012,Moga
23-03-2012,
23-03-2012,Hissar
23-03-2012,Moga
24-03-2012,
24-03-2012,Hissar
24-03-2012,Moga
25-03-2012,
25-03-2012,Hissar
25-03-2012,Moga
26-03-2012,
26-03-2012,Hissar
26-03-2012,Moga
27-03-2012,
27-03-2012,Hissar
27-03-2012,Moga
28-03-2012,
28-03-2012,Hissar
28-03-2012,Moga
29-03-2012,
29-03-2012,Hissar
29-03-2012,Moga
30-03-2012,
30-03-2012,Hissar
30-03-2012,Moga
31-03-2012,
31-03-2012,Hissar
31-03-2012,Moga
01-04-2012,
01-04-2012,Hissar
01-04-2012,Moga
02-04-2012,
02-04-2012,Hissar
02-04-2012,Moga
03-04-2012,
03-04-2012,Hissar
03-04-2012,Moga
04-04-2012,
04-04-2012,Hissar
04-04-2012,Moga
05-04-2012,
05-04-2012,Hissar
05-04-2012,Moga
06-04-2012,
06-04-2012,Hissar
06-04-2012,Moga
07-04-2012,
07-04-2012,Hissar
07-04-2012,Moga
08-04-2012,
08-04-2012,Hissar
08-04-2012,Moga
09-04-2012,
09-04-2012,Hissar
09-04-2012,Moga
10-04-2012,
10-04-2012,Hissar
10-04-2012,Moga
11-04-2012,
11-04-2012,Hissar
11-04-2012,Moga
12-04-2012,
12-04-2012,Bawana
12-04-2012,Bassi
13-04-2012,
13-04-2012,Bawana
13-04-2012,Bassi
14-04-2012,
14-04-2012,Bawana
14-04-2012,Bassi
15-04-2012,
15-04-2012,Bawana
15-04-2012,Bassi
16-04-2012,
16-04-2012,Bawana
16-04-2012,Bassi
17-04-2012,
17-04-2012,Bawana
17-04-2012,Bassi
18-04-2012,
18-04-2012,Bawana
18-04-2012,Bassi
19-04-2012,
19-04-2012,Bawana
19-04-2012,Bassi
20-04-2012,
20-04-2012,Bawana
20-04-2012,Bassi
21-04-2012,
21-04-2012,Bawana
21-04-2012,Bassi
22-04-2012,
22-04-2012,Bawana
22-04-2012,Bassi
23-04-2012,
23-04-2012,Bawana
23-04-2012,Bassi
24-04-2012,
24-04-2012,Bawana
24-04-2012,Bassi
25-04-2012,
25-04-2012,Bawana
25-04-2012,Bassi
26-04-2012,
26-04-2012,Bawana
26-04-2012,Bassi
27-04-2012,
27-04-2012,Bawana
27-04-2012,Bassi
28-04-2012,
28-04-2012,Bawana
28-04-2012,Bassi
29-04-2012,
29-04-2012,Bawana
29-04-2012,Bassi
30-04-2012,
30-04-2012,Bawana
30-04-2012,Bassi
01-05-2012,
01-05-2012,Bawana
01-05-2012,Bassi
02-05-2012,
02-05-2012,Bawana
02-05-2012,Bassi
03-05-2012,
03-05-2012,Bawana
03-05-2012,Bassi
04-05-2012,
04-05-2012,Bawana
04-05-2012,Bassi
05-05-2012,
05-05-2012,Bawana
05-05-2012,Bassi
06-05-2012,
06-05-2012,Bawana
06-05-2012,Bassi
07-05-2012,
07-05-2012,Bawana
07-05-2012,Bassi
08-05-2012,
08-05-2012,Bawana
08-05-2012,Bassi
09-05-2012,
09-05-2012,Bawana
09-05-2012,Bassi
10-05-2012,
10-05-2012,Bawana
10-05-2012,Bassi
11-05-2012,
11-05-2012,Bawana
11-05-2012,Bassi
12-05-2012,
12-05-2012,Bawana
12-05-2012,Bassi
13-05-2012,
13-05-2012,Bawana
13-05-2012,Bassi
14-05-2012,
14-05-2012,Bawana
14-05-2012,Bassi
15-05-2012,
15-05-2012,Bawana
15-05-2012,Bassi
16-05-2012,
16-05-2012,Bawana
16-05-2012,Bassi
17-05-2012,
17-05-2012,Bawana
17-05-2012,Bassi
18-05-2012,
18-05-2012,Bawana
18-05-2012,Bassi
19-05-2012,
19-05-2012,Bawana
19-05-2012,Bassi
20-05-2012,
20-05-2012,Bawana
20-05-2012,Bassi
21-05-2012,
21-05-2012,Bawana
21-05-2012,Bassi
22-05-2012,
22-05-2012,Bawana
22-05-2012,Bassi
23-05-2012,
23-05-2012,Bawana
23-05-2012,Bassi
24-05-2012,
24-05-2012,Bawana
24-05-2012,Bassi
25-05-2012,
25-05-2012,Bawana
25-05-2012,Bassi
26-05-2012,
26-05-2012,Bawana
26-05-2012,Bassi
27-05-2012,
27-05-2012,Bawana
27-05-2012,Bassi
28-05-2012,
28-05-2012,Bawana
28-05-2012,Bassi
29-05-2012,
29-05-2012,Bawana
29-05-2012,Bassi
30-05-2012,
30-05-2012,Bawana
30-05-2012,Bassi
31-05-2012,
31-05-2012,Bawana
31-05-2012,Bassi
01-06-2012,
01-06-2012,Bareilly
01-06-2012,Kanpur
02-06-2012,
02-06-2012,Bawana
02-06-2012,Bassi
03-06-2012,
03-06-2012,Bawana
03-06-2012,Bassi
04-06-2012,
04-06-2012,Bareilly
04-06-2012,Kanpur
05-06-2012,
05-06-2012,Bareilly
05-06-2012,Kanpur
06-06-2012,
06-06-2012,Bareilly
06-06-2012,Kanpur
07-06-2012,
07-06-2012,Bareilly
07-06-2012,Kanpur
08-06-2012,
08-06-2012,Bareilly
08-06-2012,Kanpur
09-06-2012,
09-06-2012,Bareilly
09-06-2012,Kanpur
10-06-2012,
10-06-2012,Bareilly
10-06-2012,Kanpur
11-06-2012,
11-06-2012,Bareilly
11-06-2012,Kanpur
12-06-2012,
12-06-2012,Bareilly
12-06-2012,Kanpur
13-06-2012,
13-06-2012,Bareilly
13-06-2012,Kanpur
14-06-2012,
14-06-2012,Bareilly
14-06-2012,Kanpur
15-06-2012,
15-06-2012,Bareilly
15-06-2012,Kanpur
16-06-2012,
16-06-2012,Bareilly
16-06-2012,Kanpur
17-06-2012,
17-06-2012,Bareilly
17-06-2012,Kanpur
18-06-2012,
18-06-2012,Bareilly
18-06-2012,Kanpur
19-06-2012,
19-06-2012,Bareilly
19-06-2012,Kanpur
20-06-2012,
20-06-2012,Bareilly
20-06-2012,Kanpur
21-06-2012,
21-06-2012,Bareilly
21-06-2012,Kanpur
22-06-2012,
22-06-2012,Bareilly
22-06-2012,Kanpur
23-06-2012,
23-06-2012,Bareilly
23-06-2012,Kanpur
24-06-2012,
24-06-2012,Bareilly
24-06-2012,Kanpur
25-06-2012,
25-06-2012,Bareilly
25-06-2012,Kanpur
26-06-2012,
26-06-2012,Bareilly
26-06-2012,Kanpur
27-06-2012,
27-06-2012,Bareilly
27-06-2012,Kanpur
28-06-2012,
28-06-2012,Bareilly
28-06-2012,Kanpur
29-06-2012,
29-06-2012,Bareilly
29-06-2012,Kanpur
30-06-2012,
30-06-2012,Bareilly
30-06-2012,Kanpur
01-07-2012,
01-07-2012,Bareilly
01-07-2012,Kanpur
02-07-2012,
02-07-2012,Bareilly
02-07-2012,Kanpur
03-07-2012,
03-07-2012,Bareilly
03-07-2012,Kanpur
04-07-2012,
04-07-2012,Bareilly
04-07-2012,Kanpur
05-07-2012,
05-07-2012,Bareilly
05-07-2012,Kanpur
06-07-2012,
06-07-2012,Bareilly
06-07-2012,Kanpur
07-07-2012,
07-07-2012,Bareilly
07-07-2012,Kanpur
09-07-2012,
09-07-2012,Bareilly
09-07-2012,Kanpur
10-07-2012,
10-07-2012,Bareilly
10-07-2012,Kanpur
11-07-2012,
11-07-2012,Bareilly
11-07-2012,Kanpur
12-07-2012,
12-07-2012,Bareilly
12-07-2012,Kanpur
13-07-2012,
13-07-2012,Bareilly
13-07-2012,Kanpur
14-07-2012,
14-07-2012,Bareilly
14-07-2012,Kanpur
15-07-2012,
15-07-2012,Bareilly
15-07-2012,Kanpur
16-07-2012,
16-07-2012,Bareilly
16-07-2012,Kanpur
17-07-2012,
17-07-2012,Bareilly
17-07-2012,Kanpur
18-07-2012,
18-07-2012,Bareilly
18-07-2012,Kanpur
19-07-2012,
19-07-2012,Bareilly
19-07-2012,Kanpur
20-07-2012,
20-07-2012,Bareilly
20-07-2012,Kanpur
21-07-2012,
21-07-2012,Bareilly
21-07-2012,Kanpur
22-07-2012,
22-07-2012,Bareilly
22-07-2012,Kanpur
23-07-2012,
23-07-2012,Bareilly
23-07-2012,Kanpur
24-07-2012,
24-07-2012,Bareilly
24-07-2012,Kanpur
25-07-2012,
25-07-2012,Bareilly
25-07-2012,Kanpur
26-07-2012,
26-07-2012,Bareilly
26-07-2012,Kanpur
27-07-2012,
27-07-2012,Bareilly
27-07-2012,Kanpur
28-07-2012,
28-07-2012,Bareilly
28-07-2012,Kanpur
29-07-2012,
29-07-2012,Bareilly
29-07-2012,Kanpur
30-07-2012,
30-07-2012,Bareilly
30-07-2012,Kanpur
31-07-2012,
31-07-2012,Bareilly
31-07-2012,Kanpur
01-08-2012,
01-08-2012,Bareilly
01-08-2012,Kanpur
02-08-2012,
02-08-2012,Bareilly
02-08-2012,Kanpur
03-08-2012,
03-08-2012,Bareilly
03-08-2012,Kanpur
04-08-2012,
04-08-2012,Bareilly
04-08-2012,Kanpur
05-08-2012,
05-08-2012,Bareilly
05-08-2012,Kanpur
06-08-2012,
06-08-2012,Bareilly
06-08-2012,Kanpur
07-08-2012,
07-08-2012,Bareilly
07-08-2012,Kanpur
08-08-2012,
08-08-2012,Bareilly
08-08-2012,Kanpur
09-08-2012,
09-08-2012,Bareilly
09-08-2012,Kanpur
10-08-2012,
10-08-2012,Bareilly
10-08-2012,Kanpur
11-08-2012,
11-08-2012,Bareilly
11-08-2012,Kanpur
12-08-2012,
12-08-2012,Bareilly
12-08-2012,Kanpur
13-08-2012,
13-08-2012,Bareilly
13-08-2012,Kanpur
14-08-2012,
14-08-2012,Bareilly
14-08-2012,Kanpur
15-08-2012,
15-08-2012,Bareilly
15-08-2012,Kanpur
16-08-2012,
16-08-2012,Bareilly
16-08-2012,Kanpur
17-08-2012,
17-08-2012,Bareilly
17-08-2012,Kanpur
18-08-2012,
18-08-2012,Bareilly
18-08-2012,Kanpur
19-08-2012,
19-08-2012,Bareilly
19-08-2012,Kanpur
20-08-2012,
20-08-2012,Bareilly
20-08-2012,Kanpur
21-08-2012,
21-08-2012,Bareilly
21-08-2012,Kanpur
22-08-2012,
22-08-2012,Bareilly
22-08-2012,Kanpur
23-08-2012,
23-08-2012,Bareilly
23-08-2012,Kanpur
24-08-2012,
24-08-2012,Bareilly
24-08-2012,Kanpur
25-08-2012,
25-08-2012,Bareilly
25-08-2012,Kanpur
26-08-2012,
26-08-2012,Bareilly
26-08-2012,Kanpur
27-08-2012,
27-08-2012,Bareilly
27-08-2012,Kanpur
28-08-2012,
28-08-2012,Bareilly
28-08-2012,Kanpur
29-08-2012,
29-08-2012,Bareilly
29-08-2012,Kanpur
30-08-2012,
30-08-2012,Bareilly
30-08-2012,Kanpur
31-08-2012,
31-08-2012,Bareilly
31-08-2012,Kanpur
01-09-2012,
01-09-2012,Bareilly
01-09-2012,Kanpur
02-09-2012,
02-09-2012,Bareilly
02-09-2012,Kanpur
03-09-2012,
03-09-2012,Bareilly
03-09-2012,Kanpur
04-09-2012,
04-09-2012,Bareilly
04-09-2012,Kanpur
05-09-2012,
05-09-2012,Bareilly
05-09-2012,Kanpur
06-09-2012,
06-09-2012,Bareilly
06-09-2012,Kanpur
07-09-2012,
07-09-2012,Bareilly
07-09-2012,Kanpur
08-09-2012,
08-09-2012,Bareilly
08-09-2012,Kanpur
09-09-2012,
09-09-2012,Bareilly
09-09-2012,Kanpur
10-09-2012,
10-09-2012,Bareilly
10-09-2012,Kanpur
11-09-2012,
11-09-2012,Bareilly
11-09-2012,Kanpur
12-09-2012,
12-09-2012,Bareilly
12-09-2012,Kanpur
13-09-2012,
13-09-2012,Bareilly
13-09-2012,Kanpur
14-09-2012,
14-09-2012,Bareilly
14-09-2012,Kanpur
15-09-2012,
15-09-2012,Bareilly
15-09-2012,Kanpur
16-09-2012,
16-09-2012,Bareilly
16-09-2012,Kanpur
17-09-2012,
17-09-2012,Bareilly
17-09-2012,Kanpur
18-09-2012,
18-09-2012,Bareilly
18-09-2012,Kanpur
19-09-2012,
19-09-2012,Bareilly
19-09-2012,Kanpur
20-09-2012,
20-09-2012,Bareilly
20-09-2012,Kanpur
21-09-2012,
21-09-2012,Bareilly
21-09-2012,Kanpur
22-09-2012,
22-09-2012,Bareilly
22-09-2012,Kanpur
23-09-2012,
23-09-2012,Bareilly
23-09-2012,Kanpur
24-09-2012,
24-09-2012,Bareilly
24-09-2012,Kanpur
25-09-2012,
25-09-2012,Bareilly
25-09-2012,Kanpur
26-09-2012,
26-09-2012,Bareilly
26-09-2012,Kanpur
27-09-2012,
27-09-2012,Bareilly
27-09-2012,Kanpur
28-09-2012,
28-09-2012,Bareilly
28-09-2012,Kanpur
29-09-2012,
29-09-2012,Bareilly
29-09-2012,Kanpur
30-09-2012,
30-09-2012,Bareilly
30-09-2012,Kanpur
01-10-2012,
01-10-2012,Bareilly
01-10-2012,Kanpur
02-10-2012,
02-10-2012,Bareilly
02-10-2012,Kanpur
03-10-2012,
03-10-2012,Bareilly
03-10-2012,Kanpur
04-10-2012,
04-10-2012,Bareilly
04-10-2012,Kanpur
05-10-2012,
05-10-2012,Bareilly
05-10-2012,Kanpur
06-10-2012,
06-10-2012,Bareilly
06-10-2012,Kanpur
07-10-2012,
07-10-2012,Bareilly
07-10-2012,Kanpur
08-10-2012,
08-10-2012,Bareilly
08-10-2012,Kanpur
09-10-2012,
09-10-2012,Bareilly
09-10-2012,Kanpur
10-10-2012,
10-10-2012,Bareilly
10-10-2012,Kanpur
11-10-2012,
11-10-2012,Bareilly
11-10-2012,Kanpur
12-10-2012,
12-10-2012,Bareilly
12-10-2012,Kanpur
13-10-2012,
13-10-2012,Bareilly
13-10-2012,Kanpur
14-10-2012,
14-10-2012,Bareilly
14-10-2012,Kanpur
15-10-2012,
15-10-2012,Bareilly
15-10-2012,Kanpur
16-10-2012,
16-10-2012,Bareilly
16-10-2012,Kanpur
17-10-2012,
17-10-2012,Bareilly
17-10-2012,Kanpur
18-10-2012,
18-10-2012,Bareilly
18-10-2012,Kanpur
19-10-2012,
19-10-2012,Bareilly
19-10-2012,Kanpur
20-10-2012,
20-10-2012,Bareilly
20-10-2012,Kanpur
21-10-2012,
21-10-2012,Bareilly
21-10-2012,Kanpur
22-10-2012,
22-10-2012,Bareilly
22-10-2012,Kanpur
23-10-2012,
23-10-2012,Bareilly
23-10-2012,Kanpur
24-10-2012,
24-10-2012,Bareilly
24-10-2012,Kanpur
25-10-2012,
25-10-2012,Bareilly
25-10-2012,Kanpur
26-10-2012,
26-10-2012,Bareilly
26-10-2012,Kanpur
27-10-2012,
27-10-2012,Bareilly
27-10-2012,Kanpur
28-10-2012,
28-10-2012,Bareilly
28-10-2012,Kanpur
29-10-2012,
29-10-2012,Bareilly
29-10-2012,Kanpur
30-10-2012,
30-10-2012,Bareilly
30-10-2012,Kanpur
31-10-2012,
31-10-2012,Bareilly
31-10-2012,Kanpur
01-11-2012,
01-11-2012,Bareilly
01-11-2012,Kanpur
02-11-2012,
02-11-2012,Bareilly
02-11-2012,Kanpur
03-11-2012,
03-11-2012,Bareilly
03-11-2012,Kanpur
04-11-2012,
04-11-2012,Bareilly
04-11-2012,Kanpur
05-11-2012,
05-11-2012,Bareilly
05-11-2012,Kanpur
06-11-2012,
06-11-2012,Bareilly
06-11-2012,Kanpur
07-11-2012,
07-11-2012,Bareilly
07-11-2012,Kanpur
08-11-2012,
08-11-2012,Bareilly
08-11-2012,Kanpur
09-11-2012,
09-11-2012,Bareilly
09-11-2012,Kanpur
10-11-2012,
10-11-2012,Bareilly
10-11-2012,Kanpur
11-11-2012,
11-11-2012,Bareilly
11-11-2012,Kanpur
12-11-2012,
12-11-2012,Bareilly
12-11-2012,Kanpur
13-11-2012,
13-11-2012,Bareilly
13-11-2012,Kanpur
14-11-2012,
14-11-2012,Bareilly
14-11-2012,Kanpur
15-11-2012,
15-11-2012,Bareilly
15-11-2012,Kanpur
16-11-2012,
16-11-2012,Bareilly
16-11-2012,Kanpur
18-11-2012,
18-11-2012,Bareilly
18-11-2012,Kanpur
19-11-2012,
19-11-2012,Bareilly
19-11-2012,Kanpur
21-11-2012,
21-11-2012,Bareilly
21-11-2012,Kanpur
22-11-2012,
22-11-2012,Bareilly
22-11-2012,Kanpur
23-11-2012,
23-11-2012,Bareilly
23-11-2012,Kanpur
24-11-2012,
24-11-2012,Bareilly
24-11-2012,Kanpur
25-11-2012,
25-11-2012,Bareilly
25-11-2012,Kanpur
26-11-2012,
26-11-2012,Bareilly
26-11-2012,Kanpur
27-11-2012,
27-11-2012,Bareilly
27-11-2012,Kanpur
28-11-2012,
28-11-2012,Bareilly
28-11-2012,Kanpur
29-11-2012,
29-11-2012,Bareilly
29-11-2012,Kanpur
30-11-2012,
30-11-2012,Bareilly
30-11-2012,Kanpur
01-12-2012,
01-12-2012,Bareilly
01-12-2012,Kanpur
02-12-2012,
02-12-2012,Bareilly
02-12-2012,Kanpur
03-12-2012,
03-12-2012,Bareilly
03-12-2012,Kanpur
04-12-2012,
04-12-2012,Bareilly
04-12-2012,Kanpur
05-12-2012,
05-12-2012,Bareilly
05-12-2012,Kanpur
06-12-2012,
06-12-2012,Bareilly
06-12-2012,Kanpur
07-12-2012,
07-12-2012,Bareilly
07-12-2012,Kanpur
08-12-2012,
08-12-2012,Bareilly
08-12-2012,Kanpur
09-12-2012,
09-12-2012,Bareilly
09-12-2012,Kanpur
10-12-2012,
10-12-2012,Bareilly
10-12-2012,Kanpur
11-12-2012,
11-12-2012,Bareilly
11-12-2012,Kanpur
12-12-2012,
12-12-2012,Bareilly
12-12-2012,Kanpur
13-12-2012,
13-12-2012,Bareilly
13-12-2012,Kanpur
14-12-2012,
14-12-2012,Bareilly
14-12-2012,Kanpur
15-12-2012,
15-12-2012,Bareilly
15-12-2012,Kanpur
16-12-2012,
16-12-2012,Bareilly
16-12-2012,Kanpur
17-12-2012,
17-12-2012,Bareilly
17-12-2012,Kanpur
18-12-2012,
18-12-2012,Bareilly
18-12-2012,Kanpur
19-12-2012,
19-12-2012,Bareilly
19-12-2012,Kanpur
20-12-2012,
20-12-2012,Bareilly
20-12-2012,Kanpur
21-12-2012,
21-12-2012,Bareilly
21-12-2012,Kanpur
22-12-2012,
22-12-2012,Bareilly
22-12-2012,Kanpur
23-12-2012,
23-12-2012,Bareilly
23-12-2012,Kanpur
24-12-2012,
24-12-2012,Bareilly
24-12-2012,Kanpur
25-12-2012,
25-12-2012,Bareilly
25-12-2012,Kanpur
26-12-2012,
26-12-2012,Bareilly
26-12-2012,Kanpur
27-12-2012,
27-12-2012,Bareilly
27-12-2012,Kanpur
28-12-2012,
28-12-2012,Bareilly
28-12-2012,Kanpur
29-12-2012,
29-12-2012,Bareilly
29-12-2012,Kanpur
30-12-2012,
30-12-2012,Bareilly
30-12-2012,Kanpur
31-12-2012,
31-12-2012,Bareilly
31-12-2012,Kanpur
01-01-2013,
01-01-2013,Bareilly
01-01-2013,Kanpur
02-01-2013,
02-01-2013,Bareilly
02-01-2013,Kanpur
03-01-2013,
03-01-2013,Bareilly
03-01-2013,Kanpur
04-01-2013,
04-01-2013,Bareilly
04-01-2013,Kanpur
05-01-2013,
05-01-2013,Bareilly
05-01-2013,Kanpur
06-01-2013,
06-01-2013,Bareilly
06-01-2013,Kanpur
07-01-2013,
07-01-2013,Bareilly
07-01-2013,Kanpur
08-01-2013,
08-01-2013,Bareilly
08-01-2013,Kanpur
09-01-2013,
09-01-2013,Bareilly
09-01-2013,Kanpur
10-01-2013,
10-01-2013,Bareilly
10-01-2013,Kanpur
11-01-2013,
11-01-2013,Bareilly
11-01-2013,Kanpur
12-01-2013,
12-01-2013,Bareilly
12-01-2013,Kanpur
13-01-2013,
13-01-2013,Bareilly
13-01-2013,Kanpur
14-01-2013,
14-01-2013,Bareilly
14-01-2013,Kanpur
15-01-2013,
15-01-2013,Bareilly
15-01-2013,Kanpur
16-01-2013,
16-01-2013,Bareilly
16-01-2013,Kanpur
17-01-2013,
17-01-2013,Bareilly
17-01-2013,Kanpur
18-01-2013,
18-01-2013,Bareilly
18-01-2013,Kanpur
19-01-2013,
19-01-2013,Bareilly
19-01-2013,Kanpur
20-01-2013,
20-01-2013,Bareilly
20-01-2013,Kanpur
21-01-2013,
21-01-2013,Bareilly
21-01-2013,Kanpur
22-01-2013,
22-01-2013,Bareilly
22-01-2013,Kanpur
23-01-2013,
23-01-2013,Bareilly
23-01-2013,Kanpur
24-01-2013,
24-01-2013,Bareilly
24-01-2013,Kanpur
25-01-2013,
25-01-2013,Bareilly
25-01-2013,Kanpur
26-01-2013,
26-01-2013,Bareilly
26-01-2013,Kanpur
27-01-2013,
27-01-2013,Bareilly
27-01-2013,Kanpur
28-01-2013,
28-01-2013,Bareilly
28-01-2013,Kanpur
29-01-2013,
29-01-2013,Bareilly
29-01-2013,Kanpur
30-01-2013,
30-01-2013,Bareilly
30-01-2013,Kanpur
31-01-2013,
31-01-2013,Bareilly
31-01-2013,Kanpur
01-02-2013,
01-02-2013,Bareilly
01-02-2013,Kanpur
02-02-2013,
02-02-2013,Bareilly
02-02-2013,Kanpur
03-02-2013,
03-02-2013,Bareilly
03-02-2013,Kanpur
04-02-2013,
04-02-2013,
04-02-2013,VII. Voltage profile 400 kV
05-02-2013,
05-02-2013,Bareilly
05-02-2013,Kanpur
06-02-2013,
06-02-2013,Bareilly
06-02-2013,Kanpur
07-02-2013,
07-02-2013,Bareilly
07-02-2013,Kanpur
08-02-2013,
08-02-2013,Bareilly
08-02-2013,Kanpur
09-02-2013,
09-02-2013,Bareilly
09-02-2013,Kanpur
10-02-2013,
10-02-2013,Bareilly
10-02-2013,Kanpur
11-02-2013,
11-02-2013,Bareilly
11-02-2013,Kanpur
12-02-2013,
12-02-2013,Bareilly
12-02-2013,Kanpur
13-02-2013,
13-02-2013,Bareilly
13-02-2013,Kanpur
14-02-2013,
14-02-2013,Bareilly
14-02-2013,Kanpur
15-02-2013,
15-02-2013,Bareilly
15-02-2013,Kanpur
16-02-2013,
16-02-2013,Bareilly
16-02-2013,Kanpur
17-02-2013,
17-02-2013,Bareilly
17-02-2013,Kanpur
18-02-2013,
18-02-2013,Bareilly
18-02-2013,Kanpur
19-02-2013,
19-02-2013,Bareilly
19-02-2013,Kanpur
20-02-2013,
20-02-2013,Bareilly
20-02-2013,Kanpur
21-02-2013,
21-02-2013,Bareilly
21-02-2013,Kanpur
22-02-2013,
22-02-2013,Bareilly
22-02-2013,Kanpur
23-02-2013,
23-02-2013,Bareilly
23-02-2013,Kanpur
24-02-2013,
24-02-2013,Bareilly
24-02-2013,Kanpur
25-02-2013,
25-02-2013,Bareilly
25-02-2013,Kanpur
26-02-2013,
26-02-2013,Bareilly
26-02-2013,Kanpur
27-02-2013,
27-02-2013,Bareilly
27-02-2013,Kanpur
28-02-2013,
28-02-2013,Bareilly
28-02-2013,Kanpur
01-03-2013,
01-03-2013,Bareilly
01-03-2013,Kanpur
02-03-2013,
02-03-2013,Bareilly
02-03-2013,Kanpur
03-03-2013,
03-03-2013,Bareilly
03-03-2013,Kanpur
04-03-2013,
04-03-2013,Bareilly
04-03-2013,Kanpur
05-03-2013,
05-03-2013,Bareilly
05-03-2013,Kanpur
06-03-2013,
06-03-2013,Bareilly
06-03-2013,Kanpur
07-03-2013,
07-03-2013,Bareilly
07-03-2013,Kanpur
08-03-2013,
08-03-2013,Bareilly
08-03-2013,Kanpur
09-03-2013,
09-03-2013,Bareilly
09-03-2013,Kanpur
10-03-2013,
10-03-2013,Bareilly
10-03-2013,Kanpur
11-03-2013,
11-03-2013,Bareilly
11-03-2013,Kanpur
12-03-2013,
12-03-2013,Bareilly
12-03-2013,Kanpur
13-03-2013,
13-03-2013,Bareilly
13-03-2013,Kanpur
14-03-2013,
14-03-2013,Bareilly
14-03-2013,Kanpur
15-03-2013,
15-03-2013,Bareilly
15-03-2013,Kanpur
16-03-2013,
16-03-2013,Bareilly
16-03-2013,Kanpur
17-03-2013,
17-03-2013,Bareilly
17-03-2013,Kanpur
18-03-2013,
18-03-2013,Bareilly
18-03-2013,Kanpur
20-03-2013,
20-03-2013,Kanpur
20-03-2013,Dadri
21-03-2013,
21-03-2013,Kanpur
21-03-2013,Dadri
22-03-2013,
22-03-2013,Kanpur
22-03-2013,Dadri
23-03-2013,
23-03-2013,Kanpur
23-03-2013,Dadri
24-03-2013,
24-03-2013,Kanpur
24-03-2013,Dadri
25-03-2013,
25-03-2013,Kanpur
25-03-2013,Dadri
26-03-2013,
26-03-2013,Kanpur
26-03-2013,Dadri
27-03-2013,
27-03-2013,Kanpur
27-03-2013,Dadri
28-03-2013,
28-03-2013,Kanpur
28-03-2013,Dadri
29-03-2013,
29-03-2013,Kanpur
29-03-2013,Dadri
30-03-2013,
30-03-2013,Kanpur
30-03-2013,Dadri
31-03-2013,
31-03-2013,Kanpur
31-03-2013,Dadri
01-04-2013,
01-04-2013,Kanpur
01-04-2013,Dadri
02-04-2013,
02-04-2013,Kanpur
02-04-2013,Dadri
03-04-2013,
03-04-2013,Kanpur
03-04-2013,Dadri
04-04-2013,
04-04-2013,Kanpur
04-04-2013,Dadri
05-04-2013,
05-04-2013,Kanpur
05-04-2013,Dadri
06-04-2013,
06-04-2013,Kanpur
06-04-2013,Dadri
07-04-2013,
07-04-2013,Kanpur
07-04-2013,Dadri
08-04-2013,
08-04-2013,Kanpur
08-04-2013,Dadri
09-04-2013,
09-04-2013,Kanpur
09-04-2013,Dadri
10-04-2013,
10-04-2013,Kanpur
10-04-2013,Dadri
11-04-2013,
11-04-2013,Kanpur
11-04-2013,Dadri
12-04-2013,
12-04-2013,Kanpur
12-04-2013,Dadri
13-04-2013,
13-04-2013,Kanpur
13-04-2013,Dadri
14-04-2013,
14-04-2013,Kanpur
14-04-2013,Dadri
15-04-2013,
15-04-2013,Kanpur
15-04-2013,Dadri
16-04-2013,
16-04-2013,Kanpur
16-04-2013,Dadri
17-04-2013,
17-04-2013,Kanpur
17-04-2013,Dadri
18-04-2013,
18-04-2013,Kanpur
18-04-2013,Dadri
19-04-2013,
19-04-2013,Kanpur
19-04-2013,Dadri
20-04-2013,
20-04-2013,Kanpur
20-04-2013,Dadri
21-04-2013,
21-04-2013,Kanpur
21-04-2013,Dadri
22-04-2013,
22-04-2013,Kanpur
22-04-2013,Dadri
23-04-2013,
23-04-2013,Kanpur
23-04-2013,Dadri
24-04-2013,
24-04-2013,Kanpur
24-04-2013,Dadri
25-04-2013,
25-04-2013,Kanpur
25-04-2013,Dadri
26-04-2013,
26-04-2013,Kanpur
26-04-2013,Dadri
27-04-2013,
27-04-2013,Kanpur
27-04-2013,Dadri
28-04-2013,
28-04-2013,Kanpur
28-04-2013,Dadri
29-04-2013,
29-04-2013,Kanpur
29-04-2013,Dadri
30-04-2013,
30-04-2013,Kanpur
30-04-2013,Dadri
01-05-2013,
01-05-2013,Kanpur
01-05-2013,Dadri
02-05-2013,
02-05-2013,Kanpur
02-05-2013,Dadri
03-05-2013,
03-05-2013,Kanpur
03-05-2013,Dadri
04-05-2013,
04-05-2013,Kanpur
04-05-2013,Dadri
05-05-2013,
05-05-2013,Kanpur
05-05-2013,Dadri
06-05-2013,
06-05-2013,Kanpur
06-05-2013,Dadri
07-05-2013,
07-05-2013,Kanpur
07-05-2013,Dadri
08-05-2013,
08-05-2013,Kanpur
08-05-2013,Dadri
09-05-2013,
09-05-2013,Kanpur
09-05-2013,Dadri
10-05-2013,
10-05-2013,Kanpur
10-05-2013,Dadri
11-05-2013,
11-05-2013,Kanpur
11-05-2013,Dadri
12-05-2013,
12-05-2013,Kanpur
12-05-2013,Dadri
13-05-2013,
13-05-2013,Kanpur
13-05-2013,Dadri
14-05-2013,
14-05-2013,Kanpur
14-05-2013,Dadri
15-05-2013,
15-05-2013,Kanpur
15-05-2013,Dadri
16-05-2013,
16-05-2013,Kanpur
16-05-2013,Dadri
17-05-2013,
17-05-2013,Kanpur
17-05-2013,Dadri
18-05-2013,
18-05-2013,Kanpur
18-05-2013,Dadri
19-05-2013,
19-05-2013,Kanpur
19-05-2013,Dadri
20-05-2013,
20-05-2013,Kanpur
20-05-2013,Dadri
21-05-2013,
21-05-2013,Kanpur
21-05-2013,Dadri
22-05-2013,
22-05-2013,Kanpur
22-05-2013,Dadri
23-05-2013,
23-05-2013,Kanpur
23-05-2013,Dadri
24-05-2013,
24-05-2013,Kanpur
24-05-2013,Dadri
25-05-2013,
25-05-2013,Kanpur
25-05-2013,Dadri
26-05-2013,
26-05-2013,Kanpur
26-05-2013,Dadri
27-05-2013,
27-05-2013,Kanpur
27-05-2013,Dadri
28-05-2013,
28-05-2013,Kanpur
28-05-2013,Dadri
29-05-2013,
29-05-2013,Kanpur
29-05-2013,Dadri
30-05-2013,
30-05-2013,Kanpur
30-05-2013,Dadri
31-05-2013,
31-05-2013,Kanpur
31-05-2013,Dadri
01-06-2013,
01-06-2013,
01-06-2013,Rihand
02-06-2013,
02-06-2013,
02-06-2013,Rihand
03-06-2013,
03-06-2013,
03-06-2013,Rihand
04-06-2013,
04-06-2013,
04-06-2013,Rihand
05-06-2013,
05-06-2013,
05-06-2013,Rihand
06-06-2013,
06-06-2013,
06-06-2013,Rihand
07-06-2013,
07-06-2013,
07-06-2013,Rihand
08-06-2013,
08-06-2013,
08-06-2013,Rihand
09-06-2013,
09-06-2013,
09-06-2013,Rihand
10-06-2013,
10-06-2013,
10-06-2013,Rihand
11-06-2013,
11-06-2013,
11-06-2013,Rihand
12-06-2013,
12-06-2013,
12-06-2013,Rihand
13-06-2013,
13-06-2013,
13-06-2013,Rihand
14-06-2013,
14-06-2013,
14-06-2013,Rihand
15-06-2013,
15-06-2013,
15-06-2013,Rihand
16-06-2013,
16-06-2013,
16-06-2013,Rihand
17-06-2013,
17-06-2013,
17-06-2013,Rihand
18-06-2013,
18-06-2013,
18-06-2013,Rihand
19-06-2013,
19-06-2013,
19-06-2013,Rihand
20-06-2013,
20-06-2013,
20-06-2013,Rihand
21-06-2013,
21-06-2013,
21-06-2013,Rihand
22-06-2013,
22-06-2013,
22-06-2013,Rihand
23-06-2013,
23-06-2013,
23-06-2013,Rihand
24-06-2013,
24-06-2013,
24-06-2013,Rihand
25-06-2013,
25-06-2013,
25-06-2013,Rihand
26-06-2013,
26-06-2013,
26-06-2013,Rihand
27-06-2013,
27-06-2013,
27-06-2013,Rihand
28-06-2013,
28-06-2013,
28-06-2013,Rihand
29-06-2013,
29-06-2013,
29-06-2013,Rihand
30-06-2013,
30-06-2013,
30-06-2013,Rihand
01-07-2013,
01-07-2013,
01-07-2013,Rihand
02-07-2013,
02-07-2013,
02-07-2013,Rihand
03-07-2013,
03-07-2013,
03-07-2013,Rihand
04-07-2013,
04-07-2013,
04-07-2013,Rihand
05-07-2013,
05-07-2013,
05-07-2013,Rihand
06-07-2013,
06-07-2013,
06-07-2013,Rihand
07-07-2013,
07-07-2013,
07-07-2013,Rihand
08-07-2013,
08-07-2013,
08-07-2013,Rihand
09-07-2013,
09-07-2013,
09-07-2013,Rihand
10-07-2013,
10-07-2013,
10-07-2013,Rihand
11-07-2013,
11-07-2013,
11-07-2013,Rihand
12-07-2013,
12-07-2013,
12-07-2013,Rihand
13-07-2013,
13-07-2013,
13-07-2013,Rihand
14-07-2013,
14-07-2013,
14-07-2013,Rihand
15-07-2013,
15-07-2013,
15-07-2013,Rihand
16-07-2013,
16-07-2013,
16-07-2013,Rihand
17-07-2013,
17-07-2013,
17-07-2013,Rihand
18-07-2013,
18-07-2013,
18-07-2013,Rihand
19-07-2013,
19-07-2013,
19-07-2013,Rihand
20-07-2013,
20-07-2013,
20-07-2013,Rihand
21-07-2013,
21-07-2013,
21-07-2013,Rihand
22-07-2013,
22-07-2013,
22-07-2013,Rihand
23-07-2013,
23-07-2013,
23-07-2013,Rihand
24-07-2013,
24-07-2013,
24-07-2013,Rihand
25-07-2013,
25-07-2013,
25-07-2013,Rihand
26-07-2013,
26-07-2013,
26-07-2013,Rihand
27-07-2013,
27-07-2013,
27-07-2013,Rihand
28-07-2013,
28-07-2013,
28-07-2013,Rihand
29-07-2013,
29-07-2013,
29-07-2013,Rihand
30-07-2013,
30-07-2013,
30-07-2013,Rihand
31-07-2013,
31-07-2013,
31-07-2013,Rihand
01-08-2013,
01-08-2013,
01-08-2013,Rihand
02-08-2013,
02-08-2013,
02-08-2013,Rihand
03-08-2013,
03-08-2013,
03-08-2013,Rihand
04-08-2013,
04-08-2013,
04-08-2013,Rihand
05-08-2013,
05-08-2013,
05-08-2013,Rihand
06-08-2013,
06-08-2013,
06-08-2013,Rihand
07-08-2013,
07-08-2013,
07-08-2013,Rihand
08-08-2013,
08-08-2013,
08-08-2013,Rihand
09-08-2013,
09-08-2013,
09-08-2013,Rihand
10-08-2013,
10-08-2013,
10-08-2013,Rihand
11-08-2013,
11-08-2013,
11-08-2013,Rihand
12-08-2013,
12-08-2013,
12-08-2013,Rihand
13-08-2013,
13-08-2013,
13-08-2013,Rihand
14-08-2013,
14-08-2013,
14-08-2013,Rihand
15-08-2013,
15-08-2013,
15-08-2013,Rihand
16-08-2013,
16-08-2013,
16-08-2013,Rihand
17-08-2013,
17-08-2013,
17-08-2013,Rihand
18-08-2013,
18-08-2013,
18-08-2013,Rihand
19-08-2013,
19-08-2013,
19-08-2013,Rihand
20-08-2013,
20-08-2013,
20-08-2013,Rihand
21-08-2013,
21-08-2013,
21-08-2013,Rihand
22-08-2013,
22-08-2013,
22-08-2013,Rihand
23-08-2013,
23-08-2013,
23-08-2013,Rihand
24-08-2013,
24-08-2013,
24-08-2013,Rihand
25-08-2013,
25-08-2013,
25-08-2013,Rihand
26-08-2013,
26-08-2013,
26-08-2013,Rihand
27-08-2013,
27-08-2013,
27-08-2013,Rihand
28-08-2013,
28-08-2013,
28-08-2013,Rihand
29-08-2013,
29-08-2013,
29-08-2013,Rihand
30-08-2013,
30-08-2013,
30-08-2013,Rihand
31-08-2013,
31-08-2013,
31-08-2013,Rihand
01-09-2013,
01-09-2013,
01-09-2013,Rihand
02-09-2013,
02-09-2013,
02-09-2013,Rihand
03-09-2013,
03-09-2013,
03-09-2013,Rihand
04-09-2013,
04-09-2013,
04-09-2013,Rihand
05-09-2013,
05-09-2013,
05-09-2013,Rihand
06-09-2013,
06-09-2013,
06-09-2013,Rihand
07-09-2013,
07-09-2013,
07-09-2013,Rihand
08-09-2013,
08-09-2013,
08-09-2013,Rihand
09-09-2013,
09-09-2013,
09-09-2013,Rihand
10-09-2013,
10-09-2013,
10-09-2013,Rihand
11-09-2013,
11-09-2013,
11-09-2013,Rihand
12-09-2013,
12-09-2013,
12-09-2013,Rihand
13-09-2013,
13-09-2013,
13-09-2013,Rihand
14-09-2013,
14-09-2013,
14-09-2013,Rihand
15-09-2013,
15-09-2013,
15-09-2013,Rihand
16-09-2013,
16-09-2013,
16-09-2013,Rihand
17-09-2013,
17-09-2013,
17-09-2013,Rihand
18-09-2013,
18-09-2013,
18-09-2013,Rihand
19-09-2013,
19-09-2013,
19-09-2013,Rihand
20-09-2013,
20-09-2013,
20-09-2013,Rihand
21-09-2013,
21-09-2013,
21-09-2013,Rihand
22-09-2013,
22-09-2013,
22-09-2013,Rihand
23-09-2013,
23-09-2013,
23-09-2013,Rihand
24-09-2013,
24-09-2013,
24-09-2013,Rihand
25-09-2013,
25-09-2013,
25-09-2013,Rihand
26-09-2013,
26-09-2013,
26-09-2013,Rihand
27-09-2013,
27-09-2013,
27-09-2013,Rihand
28-09-2013,
28-09-2013,
28-09-2013,Rihand
29-09-2013,
29-09-2013,
29-09-2013,Rihand
30-09-2013,
30-09-2013,
30-09-2013,Rihand
01-10-2013,
01-10-2013,
01-10-2013,Rihand
02-10-2013,
02-10-2013,
02-10-2013,Rihand
03-10-2013,
03-10-2013,
03-10-2013,Rihand
04-10-2013,
04-10-2013,
04-10-2013,Rihand
05-10-2013,
05-10-2013,
05-10-2013,Rihand
06-10-2013,
06-10-2013,
06-10-2013,Rihand
07-10-2013,
07-10-2013,
07-10-2013,Rihand
08-10-2013,
08-10-2013,Station
08-10-2013,
09-10-2013,
09-10-2013,Station
09-10-2013,
10-10-2013,
10-10-2013,Station
10-10-2013,
11-10-2013,
11-10-2013,Station
11-10-2013,
12-10-2013,
12-10-2013,Station
12-10-2013,
13-10-2013,
13-10-2013,Station
13-10-2013,
14-10-2013,
14-10-2013,Station
14-10-2013,
15-10-2013,
15-10-2013,Station
15-10-2013,
16-10-2013,
16-10-2013,Station
16-10-2013,
17-10-2013,
17-10-2013,Station
17-10-2013,
18-10-2013,
18-10-2013,Station
18-10-2013,
19-10-2013,
19-10-2013,Station
19-10-2013,
20-10-2013,
20-10-2013,Station
20-10-2013,
21-10-2013,
21-10-2013,Station
21-10-2013,
22-10-2013,
22-10-2013,Station
22-10-2013,
23-10-2013,
23-10-2013,Station
23-10-2013,
24-10-2013,
24-10-2013,Station
24-10-2013,
25-10-2013,
25-10-2013,Station
25-10-2013,
26-10-2013,
26-10-2013,Station
26-10-2013,
27-10-2013,
27-10-2013,Station
27-10-2013,
28-10-2013,
28-10-2013,Station
28-10-2013,
29-10-2013,
29-10-2013,Station
29-10-2013,
30-10-2013,
30-10-2013,Station
30-10-2013,
31-10-2013,
31-10-2013,Station
31-10-2013,
01-11-2013,
01-11-2013,Station
01-11-2013,
02-11-2013,
02-11-2013,Station
02-11-2013,
03-11-2013,
03-11-2013,Station
03-11-2013,
04-11-2013,
04-11-2013,Station
04-11-2013,
05-11-2013,
05-11-2013,Station
05-11-2013,
06-11-2013,
06-11-2013,Station
06-11-2013,
07-11-2013,
07-11-2013,Station
07-11-2013,
08-11-2013,
08-11-2013,Station
08-11-2013,
09-11-2013,
09-11-2013,Station
09-11-2013,
10-11-2013,
10-11-2013,Station
10-11-2013,
11-11-2013,
11-11-2013,Station
11-11-2013,
12-11-2013,
12-11-2013,Station
12-11-2013,
13-11-2013,
13-11-2013,Station
13-11-2013,
14-11-2013,
14-11-2013,Station
14-11-2013,
15-11-2013,
15-11-2013,Station
15-11-2013,
16-11-2013,
16-11-2013,Station
16-11-2013,
17-11-2013,
17-11-2013,Station
17-11-2013,
18-11-2013,
18-11-2013,Station
18-11-2013,
19-11-2013,
19-11-2013,Station
19-11-2013,
20-11-2013,
20-11-2013,Station
20-11-2013,
21-11-2013,
21-11-2013,Station
21-11-2013,
22-11-2013,
22-11-2013,Station
22-11-2013,
23-11-2013,
23-11-2013,Station
23-11-2013,
24-11-2013,
24-11-2013,Station
24-11-2013,
25-11-2013,
25-11-2013,Station
25-11-2013,
26-11-2013,
26-11-2013,Station
26-11-2013,
27-11-2013,
27-11-2013,Station
27-11-2013,
28-11-2013,
28-11-2013,Station
28-11-2013,
29-11-2013,
29-11-2013,Station
29-11-2013,
30-11-2013,
30-11-2013,Station
30-11-2013,
01-12-2013,
01-12-2013,Station
01-12-2013,
02-12-2013,
02-12-2013,Station
02-12-2013,
03-12-2013,
03-12-2013,Station
03-12-2013,
04-12-2013,
04-12-2013,Station
04-12-2013,
05-12-2013,
05-12-2013,Station
05-12-2013,
06-12-2013,
06-12-2013,Station
06-12-2013,
07-12-2013,
07-12-2013,Station
07-12-2013,
08-12-2013,
08-12-2013,Station
08-12-2013,
09-12-2013,
09-12-2013,Station
09-12-2013,
10-12-2013,
10-12-2013,Station
10-12-2013,
11-12-2013,
11-12-2013,Station
11-12-2013,
12-12-2013,
12-12-2013,Station
12-12-2013,
13-12-2013,
13-12-2013,Station
13-12-2013,
14-12-2013,
14-12-2013,Station
14-12-2013,
15-12-2013,
15-12-2013,Station
15-12-2013,
16-12-2013,
16-12-2013,Station
16-12-2013,
17-12-2013,
17-12-2013,Station
17-12-2013,
18-12-2013,
18-12-2013,Station
18-12-2013,
19-12-2013,
19-12-2013,Station
19-12-2013,
20-12-2013,
20-12-2013,Station
20-12-2013,
21-12-2013,
21-12-2013,Station
21-12-2013,
22-12-2013,
22-12-2013,Station
22-12-2013,
23-12-2013,
23-12-2013,Station
23-12-2013,
24-12-2013,
24-12-2013,Station
24-12-2013,
25-12-2013,
25-12-2013,Station
25-12-2013,
26-12-2013,
26-12-2013,Station
26-12-2013,
27-12-2013,
27-12-2013,Station
27-12-2013,
28-12-2013,
28-12-2013,Station
28-12-2013,
29-12-2013,
29-12-2013,Station
29-12-2013,
30-12-2013,
30-12-2013,Station
30-12-2013,
31-12-2013,
31-12-2013,Station
31-12-2013,
01-01-2014,
01-01-2014,Station
01-01-2014,
02-01-2014,
02-01-2014,Station
02-01-2014,
03-01-2014,
03-01-2014,Station
03-01-2014,
04-01-2014,
04-01-2014,Station
04-01-2014,
05-01-2014,
05-01-2014,Station
05-01-2014,
06-01-2014,
06-01-2014,Station
06-01-2014,
07-01-2014,
07-01-2014,Station
07-01-2014,
08-01-2014,
08-01-2014,Station
08-01-2014,
09-01-2014,
09-01-2014,
09-01-2014,VII. Voltage profile 400 kV
10-01-2014,
10-01-2014,
10-01-2014,VII. Voltage profile 400 kV
11-01-2014,
11-01-2014,
11-01-2014,VII. Voltage profile 400 kV
12-01-2014,
12-01-2014,
12-01-2014,VII. Voltage profile 400 kV
13-01-2014,
13-01-2014,
13-01-2014,VII. Voltage profile 400 kV
14-01-2014,
14-01-2014,
14-01-2014,VII. Voltage profile 400 kV
15-01-2014,
15-01-2014,
15-01-2014,VII. Voltage profile 400 kV
16-01-2014,
16-01-2014,
16-01-2014,VII. Voltage profile 400 kV
17-01-2014,
17-01-2014,
17-01-2014,VII. Voltage profile 400 kV
18-01-2014,
18-01-2014,
18-01-2014,VII. Voltage profile 400 kV
19-01-2014,
19-01-2014,
19-01-2014,VII. Voltage profile 400 kV
20-01-2014,
20-01-2014,
20-01-2014,VII. Voltage profile 400 kV
21-01-2014,
21-01-2014,
21-01-2014,VII. Voltage profile 400 kV
22-01-2014,
22-01-2014,
22-01-2014,VII. Voltage profile 400 kV
23-01-2014,
23-01-2014,
23-01-2014,VII. Voltage profile 400 kV
24-01-2014,
24-01-2014,
24-01-2014,VII. Voltage profile 400 kV
25-01-2014,
25-01-2014,
25-01-2014,VII. Voltage profile 400 kV
26-01-2014,
26-01-2014,
26-01-2014,VII. Voltage profile 400 kV
27-01-2014,
27-01-2014,
27-01-2014,VII. Voltage profile 400 kV
28-01-2014,
28-01-2014,
28-01-2014,VII. Voltage profile 400 kV
29-01-2014,
29-01-2014,
29-01-2014,VII. Voltage profile 400 kV
30-01-2014,
30-01-2014,
30-01-2014,VII. Voltage profile 400 kV
31-01-2014,
31-01-2014,
31-01-2014,VII. Voltage profile 400 kV
01-02-2014,
01-02-2014,
01-02-2014,VII. Voltage profile 400 kV
02-02-2014,
02-02-2014,
02-02-2014,VII. Voltage profile 400 kV
03-02-2014,
03-02-2014,
03-02-2014,VII. Voltage profile 400 kV
04-02-2014,
04-02-2014,
04-02-2014,VII. Voltage profile 400 kV
05-02-2014,
05-02-2014,
05-02-2014,VII. Voltage profile 400 kV
06-02-2014,
06-02-2014,
06-02-2014,VII. Voltage profile 400 kV
07-02-2014,
07-02-2014,
07-02-2014,VII. Voltage profile 400 kV
08-02-2014,
08-02-2014,
08-02-2014,VII. Voltage profile 400 kV
09-02-2014,
09-02-2014,
09-02-2014,VII. Voltage profile 400 kV
10-02-2014,
10-02-2014,
10-02-2014,VII. Voltage profile 400 kV
11-02-2014,
11-02-2014,
11-02-2014,VII. Voltage profile 400 kV
12-02-2014,
12-02-2014,
12-02-2014,VII. Voltage profile 400 kV
13-02-2014,
13-02-2014,
13-02-2014,VII. Voltage profile 400 kV
14-02-2014,
14-02-2014,
14-02-2014,VII. Voltage profile 400 kV
15-02-2014,
15-02-2014,
15-02-2014,VII. Voltage profile 400 kV
16-02-2014,
16-02-2014,
16-02-2014,VII. Voltage profile 400 kV
17-02-2014,
17-02-2014,
17-02-2014,VII. Voltage profile 400 kV
18-02-2014,
18-02-2014,
18-02-2014,VII. Voltage profile 400 kV
19-02-2014,
19-02-2014,
19-02-2014,VII. Voltage profile 400 kV
20-02-2014,
20-02-2014,
20-02-2014,VII. Voltage profile 400 kV
21-02-2014,
21-02-2014,50.45
21-02-2014,
22-02-2014,
22-02-2014,50.42
22-02-2014,
23-02-2014,
23-02-2014,50.59
23-02-2014,
24-02-2014,
24-02-2014,50.63
24-02-2014,
25-02-2014,
25-02-2014,50.31
25-02-2014,
26-02-2014,
26-02-2014,50.49
26-02-2014,
27-02-2014,
27-02-2014,50.61
27-02-2014,
28-02-2014,
28-02-2014,50.61
28-02-2014,
01-03-2014,
01-03-2014,50.36
01-03-2014,
02-03-2014,
02-03-2014,50.40
02-03-2014,
03-03-2014,
03-03-2014,50.37
03-03-2014,
04-03-2014,
04-03-2014,50.44
04-03-2014,
05-03-2014,
05-03-2014,50.39
05-03-2014,
06-03-2014,
06-03-2014,50.38
06-03-2014,
07-03-2014,
07-03-2014,50.34
07-03-2014,
08-03-2014,
08-03-2014,50.36
08-03-2014,
09-03-2014,
09-03-2014,50.36
09-03-2014,
10-03-2014,
10-03-2014,50.37
10-03-2014,
11-03-2014,
11-03-2014,50.37
11-03-2014,
12-03-2014,
12-03-2014,50.33
12-03-2014,
13-03-2014,
13-03-2014,50.27
13-03-2014,
14-03-2014,
14-03-2014,50.29
14-03-2014,
15-03-2014,
15-03-2014,50.33
15-03-2014,
16-03-2014,
16-03-2014,50.40
16-03-2014,
17-03-2014,
17-03-2014,50.38
17-03-2014,
18-03-2014,
18-03-2014,50.47
18-03-2014,
19-03-2014,
19-03-2014,50.24
19-03-2014,
20-03-2014,
20-03-2014,50.21
20-03-2014,
21-03-2014,
21-03-2014,50.32
21-03-2014,
22-03-2014,
22-03-2014,50.28
22-03-2014,
23-03-2014,
23-03-2014,50.28
23-03-2014,
24-03-2014,
24-03-2014,50.30
24-03-2014,
25-03-2014,
25-03-2014,50.34
25-03-2014,
26-03-2014,
26-03-2014,50.31
26-03-2014,
27-03-2014,
27-03-2014,50.23
27-03-2014,
28-03-2014,
28-03-2014,50.28
28-03-2014,
29-03-2014,
29-03-2014,50.31
29-03-2014,
30-03-2014,
30-03-2014,50.39
30-03-2014,
31-03-2014,
31-03-2014,50.32
31-03-2014,
01-04-2014,
01-04-2014,50.23
01-04-2014,
02-04-2014,
02-04-2014,Freq
02-04-2014,50.20
03-04-2014,
03-04-2014,<------------------------- Frequency (Hz) ------------------------->
03-04-2014,Maximum
04-04-2014,
04-04-2014,<------------------------- Frequency (Hz) ------------------------->
04-04-2014,Maximum
05-04-2014,
05-04-2014,<------------------------- Frequency (Hz) ------------------------->
05-04-2014,Maximum
06-04-2014,
06-04-2014,<------------------------- Frequency (Hz) ------------------------->
06-04-2014,Maximum
07-04-2014,
07-04-2014,<------------------------- Frequency (Hz) ------------------------->
07-04-2014,Maximum
08-04-2014,
08-04-2014,<------------------------- Frequency (Hz) ------------------------->
08-04-2014,Maximum
09-04-2014,
09-04-2014,<------------------------- Frequency (Hz) ------------------------->
09-04-2014,Maximum
10-04-2014,
10-04-2014,<------------------------- Frequency (Hz) ------------------------->
10-04-2014,Maximum
11-04-2014,
11-04-2014,<------------------------- Frequency (Hz) ------------------------->
11-04-2014,Maximum
12-04-2014,
12-04-2014,<------------------------- Frequency (Hz) ------------------------->
12-04-2014,Maximum
13-04-2014,
13-04-2014,<------------------------- Frequency (Hz) ------------------------->
13-04-2014,Maximum
14-04-2014,
14-04-2014,<------------------------- Frequency (Hz) ------------------------->
14-04-2014,Maximum
15-04-2014,
15-04-2014,<------------------------- Frequency (Hz) ------------------------->
15-04-2014,Maximum
16-04-2014,
16-04-2014,<------------------------- Frequency (Hz) ------------------------->
16-04-2014,Maximum
17-04-2014,
17-04-2014,<------------------------- Frequency (Hz) ------------------------->
17-04-2014,Maximum
18-04-2014,
18-04-2014,<------------------------- Frequency (Hz) ------------------------->
18-04-2014,Maximum
19-04-2014,
19-04-2014,<------------------------- Frequency (Hz) ------------------------->
19-04-2014,Maximum
20-04-2014,
20-04-2014,<------------------------- Frequency (Hz) ------------------------->
20-04-2014,Maximum
21-04-2014,
21-04-2014,<------------------------- Frequency (Hz) ------------------------->
21-04-2014,Maximum
22-04-2014,
22-04-2014,<------------------------- Frequency (Hz) ------------------------->
22-04-2014,Maximum
23-04-2014,
23-04-2014,<------------------------- Frequency (Hz) ------------------------->
23-04-2014,Maximum
24-04-2014,
24-04-2014,<------------------------- Frequency (Hz) ------------------------->
24-04-2014,Maximum
25-04-2014,
25-04-2014,<------------------------- Frequency (Hz) ------------------------->
25-04-2014,Maximum
26-04-2014,
26-04-2014,<------------------------- Frequency (Hz) ------------------------->
26-04-2014,Maximum
27-04-2014,
27-04-2014,<------------------------- Frequency (Hz) ------------------------->
27-04-2014,Maximum
28-04-2014,
28-04-2014,<------------------------- Frequency (Hz) ------------------------->
28-04-2014,Maximum
29-04-2014,
29-04-2014,<------------------------- Frequency (Hz) ------------------------->
29-04-2014,Maximum
30-04-2014,
30-04-2014,<------------------------- Frequency (Hz) ------------------------->
30-04-2014,Maximum
01-05-2014,
01-05-2014,<------------------------- Frequency (Hz) ------------------------->
01-05-2014,Maximum
02-05-2014,
02-05-2014,<------------------------- Frequency (Hz) ------------------------->
02-05-2014,Maximum
03-05-2014,
03-05-2014,<------------------------- Frequency (Hz) ------------------------->
03-05-2014,Maximum
04-05-2014,
04-05-2014,<------------------------- Frequency (Hz) ------------------------->
04-05-2014,Maximum
05-05-2014,
05-05-2014,<------------------------- Frequency (Hz) ------------------------->
05-05-2014,Maximum
06-05-2014,
06-05-2014,<------------------------- Frequency (Hz) ------------------------->
06-05-2014,Maximum
07-05-2014,
07-05-2014,<------------------------- Frequency (Hz) ------------------------->
07-05-2014,Maximum
08-05-2014,
08-05-2014,<------------------------- Frequency (Hz) ------------------------->
08-05-2014,Maximum
09-05-2014,
09-05-2014,<------------------------- Frequency (Hz) ------------------------->
09-05-2014,Maximum
10-05-2014,
10-05-2014,<------------------------- Frequency (Hz) ------------------------->
10-05-2014,Maximum
11-05-2014,
11-05-2014,<------------------------- Frequency (Hz) ------------------------->
11-05-2014,Maximum
12-05-2014,
12-05-2014,<------------------------- Frequency (Hz) ------------------------->
12-05-2014,Maximum
13-05-2014,
13-05-2014,<------------------------- Frequency (Hz) ------------------------->
13-05-2014,Maximum
14-05-2014,
14-05-2014,<------------------------- Frequency (Hz) ------------------------->
14-05-2014,Maximum
15-05-2014,
15-05-2014,<------------------------- Frequency (Hz) ------------------------->
15-05-2014,Maximum
16-05-2014,
16-05-2014,<------------------------- Frequency (Hz) ------------------------->
16-05-2014,Maximum
17-05-2014,
17-05-2014,<------------------------- Frequency (Hz) ------------------------->
17-05-2014,Maximum
18-05-2014,
18-05-2014,<------------------------- Frequency (Hz) ------------------------->
18-05-2014,Maximum
19-05-2014,
19-05-2014,<------------------------- Frequency (Hz) ------------------------->
19-05-2014,Maximum
20-05-2014,
20-05-2014,<------------------------- Frequency (Hz) ------------------------->
20-05-2014,Maximum
21-05-2014,
21-05-2014,<------------------------- Frequency (Hz) ------------------------->
21-05-2014,Maximum
22-05-2014,
22-05-2014,<------------------------- Frequency (Hz) ------------------------->
22-05-2014,Maximum
23-05-2014,
23-05-2014,<------------------------- Frequency (Hz) ------------------------->
23-05-2014,Maximum
24-05-2014,
24-05-2014,<------------------------- Frequency (Hz) ------------------------->
24-05-2014,Maximum
25-05-2014,
25-05-2014,<------------------------- Frequency (Hz) ------------------------->
25-05-2014,Maximum
26-05-2014,
26-05-2014,<------------------------- Frequency (Hz) ------------------------->
26-05-2014,Maximum
27-05-2014,
27-05-2014,<------------------------- Frequency (Hz) ------------------------->
27-05-2014,Maximum
28-05-2014,
28-05-2014,<------------------------- Frequency (Hz) ------------------------->
28-05-2014,Maximum
29-05-2014,
29-05-2014,<------------------------- Frequency (Hz) ------------------------->
29-05-2014,Maximum
30-05-2014,
30-05-2014,<------------------------- Frequency (Hz) ------------------------->
30-05-2014,Maximum
31-05-2014,
31-05-2014,<------------------------- Frequency (Hz) ------------------------->
31-05-2014,Maximum
01-06-2014,
01-06-2014,<------------------------- Frequency (Hz) ------------------------->
01-06-2014,Maximum
02-06-2014,
02-06-2014,<------------------------- Frequency (Hz) ------------------------->
02-06-2014,Maximum
03-06-2014,
03-06-2014,<------------------------- Frequency (Hz) ------------------------->
03-06-2014,Maximum
04-06-2014,
04-06-2014,<------------------------- Frequency (Hz) ------------------------->
04-06-2014,Maximum
05-06-2014,
05-06-2014,<------------------------- Frequency (Hz) ------------------------->
05-06-2014,Maximum
06-06-2014,
06-06-2014,<------------------------- Frequency (Hz) ------------------------->
06-06-2014,Maximum
07-06-2014,
07-06-2014,<------------------------- Frequency (Hz) ------------------------->
07-06-2014,Maximum
08-06-2014,
08-06-2014,<------------------------- Frequency (Hz) ------------------------->
08-06-2014,Maximum
09-06-2014,
09-06-2014,<------------------------- Frequency (Hz) ------------------------->
09-06-2014,Maximum
10-06-2014,
10-06-2014,<------------------------- Frequency (Hz) ------------------------->
10-06-2014,Maximum
11-06-2014,
11-06-2014,<------------------------- Frequency (Hz) ------------------------->
11-06-2014,Maximum
12-06-2014,
12-06-2014,<------------------------- Frequency (Hz) ------------------------->
12-06-2014,Maximum
13-06-2014,
13-06-2014,<------------------------- Frequency (Hz) ------------------------->
13-06-2014,Maximum
14-06-2014,
14-06-2014,<------------------------- Frequency (Hz) ------------------------->
14-06-2014,Maximum
15-06-2014,
15-06-2014,<------------------------- Frequency (Hz) ------------------------->
15-06-2014,Maximum
16-06-2014,
16-06-2014,<------------------------- Frequency (Hz) ------------------------->
16-06-2014,Maximum
17-06-2014,
17-06-2014,<------------------------- Frequency (Hz) ------------------------->
17-06-2014,Maximum
18-06-2014,
18-06-2014,<------------------------- Frequency (Hz) ------------------------->
18-06-2014,Maximum
19-06-2014,
19-06-2014,<------------------------- Frequency (Hz) ------------------------->
19-06-2014,Maximum
20-06-2014,
20-06-2014,<------------------------- Frequency (Hz) ------------------------->
20-06-2014,Maximum
21-06-2014,
21-06-2014,<------------------------- Frequency (Hz) ------------------------->
21-06-2014,Maximum
22-06-2014,
22-06-2014,<------------------------- Frequency (Hz) ------------------------->
22-06-2014,Maximum
23-06-2014,
23-06-2014,<------------------------- Frequency (Hz) ------------------------->
23-06-2014,Maximum
24-06-2014,
24-06-2014,<------------------------- Frequency (Hz) ------------------------->
24-06-2014,Maximum
25-06-2014,
25-06-2014,<------------------------- Frequency (Hz) ------------------------->
25-06-2014,Maximum
26-06-2014,
26-06-2014,<------------------------- Frequency (Hz) ------------------------->
26-06-2014,Maximum
27-06-2014,
27-06-2014,<------------------------- Frequency (Hz) ------------------------->
27-06-2014,Maximum
28-06-2014,
28-06-2014,<------------------------- Frequency (Hz) ------------------------->
28-06-2014,Maximum
29-06-2014,
29-06-2014,<------------------------- Frequency (Hz) ------------------------->
29-06-2014,Maximum
30-06-2014,
30-06-2014,<------------------------- Frequency (Hz) ------------------------->
30-06-2014,Maximum
01-07-2014,
01-07-2014,<------------------------- Frequency (Hz) ------------------------->
01-07-2014,Maximum
02-07-2014,
02-07-2014,<------------------------- Frequency (Hz) ------------------------->
02-07-2014,Maximum
03-07-2014,
03-07-2014,<------------------------- Frequency (Hz) ------------------------->
03-07-2014,Maximum
04-07-2014,
04-07-2014,
04-07-2014,<------------------------- Frequency (Hz) ------------------------->
05-07-2014,
05-07-2014,
05-07-2014,<------------------------- Frequency (Hz) ------------------------->
06-07-2014,
06-07-2014,
06-07-2014,<------------------------- Frequency (Hz) ------------------------->
07-07-2014,
07-07-2014,
07-07-2014,<------------------------- Frequency (Hz) ------------------------->
08-07-2014,
08-07-2014,
08-07-2014,<------------------------- Frequency (Hz) ------------------------->
09-07-2014,
09-07-2014,
09-07-2014,<------------------------- Frequency (Hz) ------------------------->
10-07-2014,
10-07-2014,
10-07-2014,<------------------------- Frequency (Hz) ------------------------->
11-07-2014,
11-07-2014,
11-07-2014,<------------------------- Frequency (Hz) ------------------------->
12-07-2014,
12-07-2014,
12-07-2014,<------------------------- Frequency (Hz) ------------------------->
13-07-2014,
13-07-2014,
13-07-2014,<------------------------- Frequency (Hz) ------------------------->
14-07-2014,
14-07-2014,
14-07-2014,<------------------------- Frequency (Hz) ------------------------->
15-07-2014,
15-07-2014,
15-07-2014,<------------------------- Frequency (Hz) ------------------------->
16-07-2014,
16-07-2014,
16-07-2014,<------------------------- Frequency (Hz) ------------------------->
17-07-2014,
17-07-2014,
17-07-2014,<------------------------- Frequency (Hz) ------------------------->
18-07-2014,
18-07-2014,
18-07-2014,<------------------------- Frequency (Hz) ------------------------->
19-07-2014,
19-07-2014,
19-07-2014,<------------------------- Frequency (Hz) ------------------------->
20-07-2014,
20-07-2014,
20-07-2014,<------------------------- Frequency (Hz) ------------------------->
21-07-2014,
21-07-2014,
21-07-2014,<------------------------- Frequency (Hz) ------------------------->
22-07-2014,
22-07-2014,
22-07-2014,<------------------------- Frequency (Hz) ------------------------->
23-07-2014,
23-07-2014,
23-07-2014,<------------------------- Frequency (Hz) ------------------------->
24-07-2014,
24-07-2014,
24-07-2014,<------------------------- Frequency (Hz) ------------------------->
25-07-2014,
25-07-2014,
25-07-2014,<------------------------- Frequency (Hz) ------------------------->
26-07-2014,
26-07-2014,
26-07-2014,<------------------------- Frequency (Hz) ------------------------->
27-07-2014,
27-07-2014,
27-07-2014,<------------------------- Frequency (Hz) ------------------------->
28-07-2014,
28-07-2014,
28-07-2014,<------------------------- Frequency (Hz) ------------------------->
29-07-2014,
29-07-2014,
29-07-2014,<------------------------- Frequency (Hz) ------------------------->
30-07-2014,
30-07-2014,
30-07-2014,<------------------------- Frequency (Hz) ------------------------->
31-07-2014,
31-07-2014,
31-07-2014,<------------------------- Frequency (Hz) ------------------------->
01-08-2014,
01-08-2014,
01-08-2014,<------------------------- Frequency (Hz) ------------------------->
02-08-2014,
02-08-2014,
02-08-2014,<------------------------- Frequency (Hz) ------------------------->
03-08-2014,
03-08-2014,
03-08-2014,<------------------------- Frequency (Hz) ------------------------->
04-08-2014,
04-08-2014,
04-08-2014,<------------------------- Frequency (Hz) ------------------------->
05-08-2014,
05-08-2014,
05-08-2014,<------------------------- Frequency (Hz) ------------------------->
06-08-2014,
06-08-2014,
06-08-2014,<------------------------- Frequency (Hz) ------------------------->
07-08-2014,
07-08-2014,
07-08-2014,<------------------------- Frequency (Hz) ------------------------->
08-08-2014,
08-08-2014,
08-08-2014,<------------------------- Frequency (Hz) ------------------------->
09-08-2014,
09-08-2014,
09-08-2014,<------------------------- Frequency (Hz) ------------------------->
10-08-2014,
10-08-2014,
10-08-2014,<------------------------- Frequency (Hz) ------------------------->
11-08-2014,
11-08-2014,
11-08-2014,<------------------------- Frequency (Hz) ------------------------->
12-08-2014,
12-08-2014,
12-08-2014,<------------------------- Frequency (Hz) ------------------------->
13-08-2014,
13-08-2014,
13-08-2014,<------------------------- Frequency (Hz) ------------------------->
14-08-2014,
14-08-2014,
14-08-2014,<------------------------- Frequency (Hz) ------------------------->
15-08-2014,
15-08-2014,
15-08-2014,<------------------------- Frequency (Hz) ------------------------->
16-08-2014,
16-08-2014,
16-08-2014,<------------------------- Frequency (Hz) ------------------------->
17-08-2014,
17-08-2014,
17-08-2014,<------------------------- Frequency (Hz) ------------------------->
18-08-2014,
18-08-2014,
18-08-2014,<------------------------- Frequency (Hz) ------------------------->
19-08-2014,
19-08-2014,
19-08-2014,<------------------------- Frequency (Hz) ------------------------->
20-08-2014,
20-08-2014,
20-08-2014,<------------------------- Frequency (Hz) ------------------------->
21-08-2014,
21-08-2014,
21-08-2014,<------------------------- Frequency (Hz) ------------------------->
22-08-2014,
22-08-2014,
22-08-2014,<------------------------- Frequency (Hz) ------------------------->
23-08-2014,
23-08-2014,
23-08-2014,<------------------------- Frequency (Hz) ------------------------->
24-08-2014,
24-08-2014,
24-08-2014,<------------------------- Frequency (Hz) ------------------------->
25-08-2014,
25-08-2014,
25-08-2014,<------------------------- Frequency (Hz) ------------------------->
26-08-2014,
26-08-2014,
26-08-2014,<------------------------- Frequency (Hz) ------------------------->
27-08-2014,
27-08-2014,
27-08-2014,<------------------------- Frequency (Hz) ------------------------->
28-08-2014,
28-08-2014,
28-08-2014,<------------------------- Frequency (Hz) ------------------------->
29-08-2014,
29-08-2014,
29-08-2014,<------------------------- Frequency (Hz) ------------------------->
30-08-2014,
30-08-2014,
30-08-2014,<------------------------- Frequency (Hz) ------------------------->
31-08-2014,
31-08-2014,
31-08-2014,<------------------------- Frequency (Hz) ------------------------->
01-09-2014,
01-09-2014,
01-09-2014,<------------------------- Frequency (Hz) ------------------------->
02-09-2014,
02-09-2014,
02-09-2014,<------------------------- Frequency (Hz) ------------------------->
03-09-2014,
03-09-2014,
03-09-2014,<------------------------- Frequency (Hz) ------------------------->
04-09-2014,
04-09-2014,
04-09-2014,<------------------------- Frequency (Hz) ------------------------->
05-09-2014,
05-09-2014,
05-09-2014,<------------------------- Frequency (Hz) ------------------------->
06-09-2014,
06-09-2014,
06-09-2014,<------------------------- Frequency (Hz) ------------------------->
07-09-2014,
07-09-2014,
07-09-2014,<------------------------- Frequency (Hz) ------------------------->
08-09-2014,
08-09-2014,
08-09-2014,<------------------------- Frequency (Hz) ------------------------->
09-09-2014,
09-09-2014,
09-09-2014,<------------------------- Frequency (Hz) ------------------------->
10-09-2014,
10-09-2014,
10-09-2014,<------------------------- Frequency (Hz) ------------------------->
11-09-2014,
11-09-2014,
11-09-2014,<------------------------- Frequency (Hz) ------------------------->
12-09-2014,
12-09-2014,
12-09-2014,<------------------------- Frequency (Hz) ------------------------->
13-09-2014,
13-09-2014,
13-09-2014,<------------------------- Frequency (Hz) ------------------------->
14-09-2014,
14-09-2014,
14-09-2014,<------------------------- Frequency (Hz) ------------------------->
15-09-2014,
15-09-2014,
15-09-2014,<------------------------- Frequency (Hz) ------------------------->
16-09-2014,
16-09-2014,
16-09-2014,<------------------------- Frequency (Hz) ------------------------->
17-09-2014,
17-09-2014,
17-09-2014,<------------------------- Frequency (Hz) ------------------------->
18-09-2014,
18-09-2014,
18-09-2014,<------------------------- Frequency (Hz) ------------------------->
19-09-2014,
19-09-2014,
19-09-2014,<------------------------- Frequency (Hz) ------------------------->
20-09-2014,
20-09-2014,
20-09-2014,<------------------------- Frequency (Hz) ------------------------->
21-09-2014,
21-09-2014,
21-09-2014,<------------------------- Frequency (Hz) ------------------------->
22-09-2014,
22-09-2014,
22-09-2014,<------------------------- Frequency (Hz) ------------------------->
23-09-2014,
23-09-2014,
23-09-2014,<------------------------- Frequency (Hz) ------------------------->
24-09-2014,
24-09-2014,
24-09-2014,<------------------------- Frequency (Hz) ------------------------->
25-09-2014,
25-09-2014,
25-09-2014,<------------------------- Frequency (Hz) ------------------------->
26-09-2014,
26-09-2014,
26-09-2014,<------------------------- Frequency (Hz) ------------------------->
27-09-2014,
27-09-2014,
27-09-2014,<------------------------- Frequency (Hz) ------------------------->
28-09-2014,
28-09-2014,
28-09-2014,<------------------------- Frequency (Hz) ------------------------->
29-09-2014,
29-09-2014,
29-09-2014,<------------------------- Frequency (Hz) ------------------------->
30-09-2014,
30-09-2014,
30-09-2014,<------------------------- Frequency (Hz) ------------------------->
01-10-2014,
01-10-2014,
01-10-2014,<------------------------- Frequency (Hz) ------------------------->
02-10-2014,
02-10-2014,
02-10-2014,<------------------------- Frequency (Hz) ------------------------->
03-10-2014,
03-10-2014,
03-10-2014,<------------------------- Frequency (Hz) ------------------------->
04-10-2014,
04-10-2014,
04-10-2014,<------------------------- Frequency (Hz) ------------------------->
05-10-2014,
05-10-2014,
05-10-2014,<------------------------- Frequency (Hz) ------------------------->
06-10-2014,
06-10-2014,
06-10-2014,<------------------------- Frequency (Hz) ------------------------->
07-10-2014,
07-10-2014,
07-10-2014,<------------------------- Frequency (Hz) ------------------------->
08-10-2014,
08-10-2014,
08-10-2014,<------------------------- Frequency (Hz) ------------------------->
09-10-2014,
09-10-2014,
09-10-2014,<------------------------- Frequency (Hz) ------------------------->
10-10-2014,
10-10-2014,
10-10-2014,<------------------------- Frequency (Hz) ------------------------->
11-10-2014,
11-10-2014,
11-10-2014,<------------------------- Frequency (Hz) ------------------------->
12-10-2014,
12-10-2014,
12-10-2014,<------------------------- Frequency (Hz) ------------------------->
13-10-2014,
13-10-2014,
13-10-2014,<------------------------- Frequency (Hz) ------------------------->
14-10-2014,
14-10-2014,
14-10-2014,<------------------------- Frequency (Hz) ------------------------->
15-10-2014,
15-10-2014,
15-10-2014,<------------------------- Frequency (Hz) ------------------------->
16-10-2014,
16-10-2014,
16-10-2014,<------------------------- Frequency (Hz) ------------------------->
17-10-2014,
17-10-2014,
17-10-2014,<------------------------- Frequency (Hz) ------------------------->
18-10-2014,
18-10-2014,
18-10-2014,<------------------------- Frequency (Hz) ------------------------->
19-10-2014,
19-10-2014,
19-10-2014,<------------------------- Frequency (Hz) ------------------------->
20-10-2014,
20-10-2014,
20-10-2014,<------------------------- Frequency (Hz) ------------------------->
21-10-2014,
21-10-2014,
21-10-2014,<------------------------- Frequency (Hz) ------------------------->
22-10-2014,
22-10-2014,
22-10-2014,<------------------------- Frequency (Hz) ------------------------->
23-10-2014,
23-10-2014,
23-10-2014,<------------------------- Frequency (Hz) ------------------------->
24-10-2014,
24-10-2014,
24-10-2014,<------------------------- Frequency (Hz) ------------------------->
25-10-2014,
25-10-2014,
25-10-2014,<------------------------- Frequency (Hz) ------------------------->
26-10-2014,
26-10-2014,
26-10-2014,<------------------------- Frequency (Hz) ------------------------->
27-10-2014,
27-10-2014,
27-10-2014,<------------------------- Frequency (Hz) ------------------------->
28-10-2014,
28-10-2014,
28-10-2014,<------------------------- Frequency (Hz) ------------------------->
29-10-2014,
29-10-2014,
29-10-2014,<------------------------- Frequency (Hz) ------------------------->
30-10-2014,
30-10-2014,
30-10-2014,<------------------------- Frequency (Hz) ------------------------->
31-10-2014,
31-10-2014,
31-10-2014,<------------------------- Frequency (Hz) ------------------------->
01-11-2014,
01-11-2014,
01-11-2014,<------------------------- Frequency (Hz) ------------------------->
02-11-2014,
02-11-2014,
02-11-2014,<------------------------- Frequency (Hz) ------------------------->
03-11-2014,
03-11-2014,
03-11-2014,<------------------------- Frequency (Hz) ------------------------->
04-11-2014,
04-11-2014,
04-11-2014,<------------------------- Frequency (Hz) ------------------------->
05-11-2014,
05-11-2014,
05-11-2014,<------------------------- Frequency (Hz) ------------------------->
06-11-2014,
06-11-2014,
06-11-2014,<------------------------- Frequency (Hz) ------------------------->
07-11-2014,
07-11-2014,
07-11-2014,<------------------------- Frequency (Hz) ------------------------->
08-11-2014,
08-11-2014,
08-11-2014,<------------------------- Frequency (Hz) ------------------------->
09-11-2014,
09-11-2014,
09-11-2014,<------------------------- Frequency (Hz) ------------------------->
10-11-2014,
10-11-2014,
10-11-2014,<------------------------- Frequency (Hz) ------------------------->
11-11-2014,
11-11-2014,
11-11-2014,<------------------------- Frequency (Hz) ------------------------->
12-11-2014,
12-11-2014,
12-11-2014,<------------------------- Frequency (Hz) ------------------------->
13-11-2014,
13-11-2014,
13-11-2014,<------------------------- Frequency (Hz) ------------------------->
14-11-2014,
14-11-2014,
14-11-2014,<------------------------- Frequency (Hz) ------------------------->
15-11-2014,
15-11-2014,
15-11-2014,<------------------------- Frequency (Hz) ------------------------->
16-11-2014,
16-11-2014,
16-11-2014,<------------------------- Frequency (Hz) ------------------------->
17-11-2014,
17-11-2014,
17-11-2014,<------------------------- Frequency (Hz) ------------------------->
18-11-2014,
18-11-2014,
18-11-2014,<------------------------- Frequency (Hz) ------------------------->
19-11-2014,
19-11-2014,
19-11-2014,<------------------------- Frequency (Hz) ------------------------->
20-11-2014,
20-11-2014,
20-11-2014,<------------------------- Frequency (Hz) ------------------------->
21-11-2014,
21-11-2014,
21-11-2014,<------------------------- Frequency (Hz) ------------------------->
22-11-2014,
22-11-2014,
22-11-2014,<------------------------- Frequency (Hz) ------------------------->
23-11-2014,
23-11-2014,
23-11-2014,<------------------------- Frequency (Hz) ------------------------->
24-11-2014,
24-11-2014,
24-11-2014,<------------------------- Frequency (Hz) ------------------------->
25-11-2014,
25-11-2014,
25-11-2014,<------------------------- Frequency (Hz) ------------------------->
26-11-2014,
26-11-2014,
26-11-2014,<------------------------- Frequency (Hz) ------------------------->
27-11-2014,
27-11-2014,
27-11-2014,<------------------------- Frequency (Hz) ------------------------->
28-11-2014,
28-11-2014,
28-11-2014,<------------------------- Frequency (Hz) ------------------------->
29-11-2014,
29-11-2014,
29-11-2014,<------------------------- Frequency (Hz) ------------------------->
30-11-2014,
30-11-2014,
30-11-2014,<------------------------- Frequency (Hz) ------------------------->
01-12-2014,
01-12-2014,
01-12-2014,<------------------------- Frequency (Hz) ------------------------->
02-12-2014,
02-12-2014,
02-12-2014,<------------------------- Frequency (Hz) ------------------------->
03-12-2014,
03-12-2014,
03-12-2014,<------------------------- Frequency (Hz) ------------------------->
04-12-2014,
04-12-2014,
04-12-2014,<------------------------- Frequency (Hz) ------------------------->
05-12-2014,
05-12-2014,
05-12-2014,<------------------------- Frequency (Hz) ------------------------->
06-12-2014,
06-12-2014,
06-12-2014,<------------------------- Frequency (Hz) ------------------------->
07-12-2014,
07-12-2014,
07-12-2014,<------------------------- Frequency (Hz) ------------------------->
08-12-2014,
08-12-2014,
08-12-2014,<------------------------- Frequency (Hz) ------------------------->
09-12-2014,
09-12-2014,
09-12-2014,<------------------------- Frequency (Hz) ------------------------->
10-12-2014,
10-12-2014,
10-12-2014,<------------------------- Frequency (Hz) ------------------------->
11-12-2014,
11-12-2014,
11-12-2014,<------------------------- Frequency (Hz) ------------------------->
12-12-2014,
12-12-2014,
12-12-2014,<------------------------- Frequency (Hz) ------------------------->
13-12-2014,
13-12-2014,
13-12-2014,<------------------------- Frequency (Hz) ------------------------->
14-12-2014,
14-12-2014,
14-12-2014,<------------------------- Frequency (Hz) ------------------------->
15-12-2014,
15-12-2014,
15-12-2014,<------------------------- Frequency (Hz) ------------------------->
16-12-2014,
16-12-2014,
16-12-2014,<------------------------- Frequency (Hz) ------------------------->
17-12-2014,
17-12-2014,
17-12-2014,<------------------------- Frequency (Hz) ------------------------->
18-12-2014,
18-12-2014,
18-12-2014,<------------------------- Frequency (Hz) ------------------------->
19-12-2014,
19-12-2014,
19-12-2014,<------------------------- Frequency (Hz) ------------------------->
20-12-2014,
20-12-2014,
20-12-2014,<------------------------- Frequency (Hz) ------------------------->
21-12-2014,
21-12-2014,
21-12-2014,<------------------------- Frequency (Hz) ------------------------->
22-12-2014,
22-12-2014,
22-12-2014,<------------------------- Frequency (Hz) ------------------------->
23-12-2014,
23-12-2014,
23-12-2014,<------------------------- Frequency (Hz) ------------------------->
24-12-2014,
24-12-2014,
24-12-2014,<------------------------- Frequency (Hz) ------------------------->
25-12-2014,
25-12-2014,
25-12-2014,<------------------------- Frequency (Hz) ------------------------->
26-12-2014,
26-12-2014,
26-12-2014,<------------------------- Frequency (Hz) ------------------------->
27-12-2014,
27-12-2014,
27-12-2014,<------------------------- Frequency (Hz) ------------------------->
28-12-2014,
28-12-2014,
28-12-2014,<------------------------- Frequency (Hz) ------------------------->
29-12-2014,
29-12-2014,
29-12-2014,<------------------------- Frequency (Hz) ------------------------->
30-12-2014,
30-12-2014,
30-12-2014,<------------------------- Frequency (Hz) ------------------------->
31-12-2014,
31-12-2014,
31-12-2014,<------------------------- Frequency (Hz) ------------------------->
01-01-2015,
01-01-2015,0.00
01-01-2015,
02-01-2015,
02-01-2015,0.00
02-01-2015,
03-01-2015,
03-01-2015,0.00
03-01-2015,
04-01-2015,
04-01-2015,0.00
04-01-2015,
05-01-2015,
05-01-2015,0.00
05-01-2015,
06-01-2015,
06-01-2015,0.00
06-01-2015,
07-01-2015,
07-01-2015,0.00
07-01-2015,
08-01-2015,
08-01-2015,0.00
08-01-2015,
09-01-2015,
09-01-2015,0.30
09-01-2015,
10-01-2015,
10-01-2015,0.30
10-01-2015,
11-01-2015,
11-01-2015,0.00
11-01-2015,
12-01-2015,
12-01-2015,0.00
12-01-2015,
13-01-2015,
13-01-2015,0.00
13-01-2015,
14-01-2015,
14-01-2015,0.00
14-01-2015,
15-01-2015,
15-01-2015,0.00
15-01-2015,
16-01-2015,
16-01-2015,0.00
16-01-2015,
17-01-2015,
17-01-2015,0.00
17-01-2015,
18-01-2015,
18-01-2015,0.00
18-01-2015,
19-01-2015,
19-01-2015,0.00
19-01-2015,
20-01-2015,
20-01-2015,0.00
20-01-2015,
21-01-2015,
21-01-2015,0.00
21-01-2015,
22-01-2015,
22-01-2015,0.00
22-01-2015,
23-01-2015,
23-01-2015,0.00
23-01-2015,
24-01-2015,
24-01-2015,0.00
24-01-2015,
25-01-2015,
25-01-2015,0.00
25-01-2015,
26-01-2015,
26-01-2015,0.00
26-01-2015,
27-01-2015,
27-01-2015,0.00
27-01-2015,
28-01-2015,
28-01-2015,0.00
28-01-2015,
29-01-2015,
29-01-2015,0.00
29-01-2015,
30-01-2015,
30-01-2015,0.00
30-01-2015,
31-01-2015,
31-01-2015,0.00
31-01-2015,
01-02-2015,
01-02-2015,0.00
01-02-2015,
02-02-2015,
02-02-2015,0.00
02-02-2015,
03-02-2015,
03-02-2015,0.00
03-02-2015,
04-02-2015,
04-02-2015,0.00
04-02-2015,
05-02-2015,
05-02-2015,0.00
05-02-2015,
06-02-2015,
06-02-2015,0.00
06-02-2015,
07-02-2015,
07-02-2015,0.00
07-02-2015,
08-02-2015,
08-02-2015,0.00
08-02-2015,
09-02-2015,
09-02-2015,0.00
09-02-2015,
10-02-2015,
10-02-2015,0.00
10-02-2015,
11-02-2015,
11-02-2015,0.00
11-02-2015,
12-02-2015,
12-02-2015,0.00
12-02-2015,
13-02-2015,
13-02-2015,0.00
13-02-2015,
14-02-2015,
14-02-2015,0.00
14-02-2015,
15-02-2015,
15-02-2015,0.00
15-02-2015,
16-02-2015,
16-02-2015,0.00
16-02-2015,
17-02-2015,
17-02-2015,0.00
17-02-2015,
18-02-2015,
18-02-2015,0.00
18-02-2015,
19-02-2015,
19-02-2015,0.00
19-02-2015,
20-02-2015,
20-02-2015,0.00
20-02-2015,
21-02-2015,
21-02-2015,0.00
21-02-2015,
22-02-2015,
22-02-2015,0.00
22-02-2015,
23-02-2015,
23-02-2015,0.00
23-02-2015,
24-02-2015,
24-02-2015,0.00
24-02-2015,
25-02-2015,
25-02-2015,0.00
25-02-2015,
26-02-2015,
26-02-2015,0.00
26-02-2015,
27-02-2015,
27-02-2015,0.00
27-02-2015,
28-02-2015,
28-02-2015,0.00
28-02-2015,
01-03-2015,
01-03-2015,0.00
01-03-2015,
02-03-2015,
02-03-2015,0.00
02-03-2015,
03-03-2015,
03-03-2015,0.00
03-03-2015,
04-03-2015,
04-03-2015,0.00
04-03-2015,
05-03-2015,
05-03-2015,0.00
05-03-2015,
06-03-2015,
06-03-2015,0.00
06-03-2015,
07-03-2015,
07-03-2015,0.00
07-03-2015,
08-03-2015,
08-03-2015,0.00
08-03-2015,
09-03-2015,
09-03-2015,0.00
09-03-2015,
10-03-2015,
10-03-2015,0.00
10-03-2015,
11-03-2015,
11-03-2015,0.00
11-03-2015,
12-03-2015,
12-03-2015,0.00
12-03-2015,
13-03-2015,
13-03-2015,0.00
13-03-2015,
14-03-2015,
14-03-2015,0.00
14-03-2015,
15-03-2015,
15-03-2015,0.00
15-03-2015,
16-03-2015,
16-03-2015,0.00
16-03-2015,
17-03-2015,
17-03-2015,0.00
17-03-2015,
18-03-2015,
18-03-2015,0.00
18-03-2015,
19-03-2015,
19-03-2015,0.00
19-03-2015,
20-03-2015,
20-03-2015,0.00
20-03-2015,
21-03-2015,
21-03-2015,0.00
21-03-2015,
22-03-2015,
22-03-2015,0.00
22-03-2015,
23-03-2015,
23-03-2015,0.00
23-03-2015,
24-03-2015,
24-03-2015,0.00
24-03-2015,
25-03-2015,
25-03-2015,0.00
25-03-2015,