"","day","MW","Temp","Trend","Random","Seasonal"
"16465","2011-01-01",343.333333333333,38.5416666666667,NA,NA,-54.8612271383546
"16466","2011-01-02",349.458333333333,32.625,NA,NA,-29.1734988278523
"16467","2011-01-03",370.666666666667,31.3333333333333,NA,NA,9.77478884338103
"16468","2011-01-04",377.375,42.0833333333333,NA,NA,-6.47863581415339
"16469","2011-01-05",374.625,35.25,NA,NA,-15.5158504260255
"16470","2011-01-06",372.666666666667,29.0833333333333,NA,NA,-38.5064896954319
"16471","2011-01-07",369.083333333333,38.75,NA,NA,-58.9148801063907
"16472","2011-01-08",367.458333333333,41.6666666666667,NA,NA,-37.4532933483999
"16473","2011-01-09",388.208333333333,34.4166666666667,NA,NA,-20.3128253118703
"16474","2011-01-10",417.458333333333,33.7083333333333,NA,NA,-26.3883960881262
"16475","2011-01-11",446.041666666667,39.9583333333333,NA,NA,-29.8125399237423
"16476","2011-01-12",471.166666666667,39.7916666666667,NA,NA,-4.4071175493132
"16477","2011-01-13",446.708333333333,34.9166666666667,NA,NA,-13.7659075036514
"16478","2011-01-14",401.125,32.3125,NA,NA,-20.8657933484001
"16479","2011-01-15",351.708333333333,39.6875,NA,NA,-5.40791663607104
"16480","2011-01-16",355.083333333333,39.0625,NA,NA,-0.670816179450186
"16481","2011-01-17",384.958333333333,33.1041666666667,NA,NA,4.55783678858631
"16482","2011-01-18",394.625,30.6875,NA,NA,17.6249600762574
"16483","2011-01-19",411.916666666667,40.5208333333333,NA,NA,-12.5673915219161
"16484","2011-01-20",418.958333333333,33.8125,NA,NA,-30.2909075036514
"16485","2011-01-21",423.375,38.8333333333333,NA,NA,-45.0005536223726
"16486","2011-01-22",367.25,34.2291666666667,NA,NA,-19.093418919176
"16487","2011-01-23",350.541666666667,39.5833333333333,NA,NA,0.885804825116109
"16488","2011-01-24",395.541666666667,36.2291666666667,NA,NA,-7.64821343972435
"16489","2011-01-25",397.166666666667,41.25,NA,NA,2.4970491173533
"16490","2011-01-26",371.958333333333,39.3416666666667,NA,NA,-10.8321175493135
"16491","2011-01-27",380.25,34.9083333333333,NA,NA,-34.2644805630116
"16492","2011-01-28",359.416666666667,40.4166666666667,NA,NA,-54.889309330135
"16493","2011-01-29",313.708333333333,43.2708333333333,NA,NA,-53.9168778232857
"16494","2011-01-30",326.583333333333,35.125,NA,NA,-39.1145376406373
"16495","2011-01-31",378.041666666667,40.1875,NA,NA,-17.6708161794497
"16496","2011-02-01",401.166666666667,32.0625,NA,NA,-6.37966321141372
"16497","2011-02-02",425.333333333333,36.9583333333333,NA,NA,2.85207194840404
"16498","2011-02-03",446.791666666667,31.6666666666667,NA,NA,-33.521786499085
"16499","2011-02-04",419.333333333333,37.5625,NA,NA,-61.8071746269388
"16500","2011-02-05",369.916666666667,31.4166666666667,NA,NA,-43.8043207456601
"16501","2011-02-06",347.291666666667,34.1458333333333,NA,NA,-21.8837157228292
"16502","2011-02-07",409.5,28.875,NA,NA,-17.0531221155232
"16503","2011-02-08",447.333333333333,34.3958333333333,NA,NA,-13.5164782799069
"16504","2011-02-09",457.708333333333,29.5416666666667,NA,NA,-13.6567180059341
"16505","2011-02-10",450.833333333333,35.4375,NA,NA,-16.1616266817336
"16506","2011-02-11",415.291666666667,30.2916666666667,NA,NA,-28.9401654945184
"16507","2011-02-12",350.625,37.0416666666667,NA,NA,-22.2437043073043
"16508","2011-02-13",320.041666666667,31.5416666666667,NA,NA,8.23774546438574
"16509","2011-02-14",351.583333333333,38.5416666666667,NA,NA,-8.1293207456605
"16510","2011-02-15",352.166666666667,33.2916666666667,NA,NA,-15.6400513392678
"16511","2011-02-16",339.083333333333,38.9166666666667,NA,NA,-19.8116266817333
"16512","2011-02-17",332.25,32.5625,NA,NA,-30.8932476862993
"16513","2011-02-18",321.875,39,NA,NA,-63.8276654945182
"16514","2011-02-19",296.125,33.3333333333333,NA,NA,-51.9875970013682
"16515","2011-02-20",295.5,38.5,NA,NA,-13.5891951748841
"16516","2011-02-21",344.041666666667,33.9375,NA,NA,-2.58851024337722
"16517","2011-02-22",371.916666666667,40.7708333333333,NA,NA,-7.04644403333134
"16518","2011-02-23",362.625,36.375,NA,NA,-15.9397659511392
"16519","2011-02-24",363.291666666667,39.5833333333333,NA,NA,-23.9909645812767
"16520","2011-02-25",385.916666666667,35.1041666666667,NA,NA,-56.9185901520531
"16521","2011-02-26",340.208333333333,39.5,NA,NA,-40.3482705173494
"16522","2011-02-27",305.125,35.1666666666667,NA,NA,-14.0683618415501
"16523","2011-02-28",349,39.25,NA,NA,-7.29124996940439
"16524","2011-03-01",361,36.2291666666667,NA,NA,-11.9253253118705
"16525","2011-03-02",346.458333333333,40.125,NA,NA,-3.10489152191605
"16526","2011-03-03",338.541666666667,33.3125,NA,NA,-30.3035216589022
"16527","2011-03-04",327.916666666667,32.0416666666667,NA,NA,-48.5984417502263
"16528","2011-03-05",341.125,33.5833333333333,NA,NA,-48.4177339876694
"16529","2011-03-06",323.125,38.375,NA,NA,-22.2659075036513
"16530","2011-03-07",364.875,36.9583333333333,NA,NA,-20.5597431200891
"16531","2011-03-08",366.166666666667,37.1458333333333,NA,NA,-34.7128823894956
"16532","2011-03-09",375.166666666667,37.6041666666667,NA,NA,-31.7661928917787
"16533","2011-03-10",369.625,36.4375,NA,NA,-56.9900513392673
"16534","2011-03-11",346.041666666667,37.9375,NA,NA,-81.3426694651361
"16535","2011-03-12",294.583333333333,35.875,NA,NA,-42.7394358935653
"16536","2011-03-13",295.478260869565,38.4583333333333,NA,NA,-32.6700170926917
"16537","2011-03-14",371.958333333333,36.7708333333333,NA,NA,-30.4486700607289
"16538","2011-03-15",362.625,38.6666666666667,NA,NA,-29.9988412936054
"16539","2011-03-16",348.333333333333,35.7916666666667,NA,NA,-39.3516951748838
"16540","2011-03-17",334.291666666667,38.0625,NA,NA,-62.4621403803632
"16541","2011-03-18",323.083333333333,35.7916666666667,NA,NA,-66.7150513392672
"16542","2011-03-19",299.208333333333,35.9166666666667,NA,NA,-55.1432476862991
"16543","2011-03-20",284.875,35.0833333333333,NA,NA,-28.6205878689479
"16544","2011-03-21",332.125,35.75,NA,NA,-30.177722572144
"16545","2011-03-22",329.083333333333,38.9791666666667,NA,NA,-17.2503253118697
"16546","2011-03-23",323.583333333333,34.1875,NA,NA,-29.2224143529659
"16547","2011-03-24",336.083333333333,37.2291666666667,NA,NA,-48.994503394062
"16548","2011-03-25",346.708333333333,36.2291666666667,NA,NA,-62.0220148095867
"16549","2011-03-26",331.5,30.7291666666667,NA,NA,-30.665736270774
"16550","2011-03-27",329.916666666667,36.8125,NA,NA,-12.161512526482
"16551","2011-03-28",356.541666666667,31.0833333333333,NA,NA,-6.59787097397077
"16552","2011-03-29",349.25,30.0833333333333,NA,NA,-27.3482134397244
"16553","2011-03-30",368.041666666667,36.3541666666667,NA,NA,-45.9478709739705
"16554","2011-03-31",354.708333333333,37.7708333333333,NA,NA,-60.3442180059341
"16555","2011-04-01",336.333333333333,32.2916666666667,NA,NA,-81.3799485995411
"16556","2011-04-02",293.708333333333,29.5,NA,NA,-46.7508960881259
"16557","2011-04-03",295.958333333333,34.7083333333333,NA,NA,-0.536912069861218
"16558","2011-04-04",332.25,28.3541666666667,NA,NA,-12.6191038506832
"16559","2011-04-05",343.333333333333,25.7916666666667,NA,NA,-29.3717294214592
"16560","2011-04-06",334.041666666667,25.3541666666667,NA,NA,-52.9796632114138
"16561","2011-04-07",330.5,27.4583333333333,NA,NA,-88.1777796497702
"16562","2011-04-08",354.708333333333,27.8333333333333,NA,NA,-101.335998827852
"16563","2011-04-09",347.083333333333,26.4166666666667,NA,NA,-82.4579737136966
"16564","2011-04-10",329.541666666667,28.8333333333333,NA,NA,-47.4437613849298
"16565","2011-04-11",335.625,32.1666666666667,NA,NA,-48.6821746269391
"16566","2011-04-12",330.291666666667,29.9583333333333,NA,NA,-43.0940467730574
"16567","2011-04-13",339,28.2083333333333,NA,NA,-46.4299485995417
"16568","2011-04-14",341.166666666667,28.8333333333333,NA,NA,-70.19581617945
"16569","2011-04-15",336.958333333333,32.1875,NA,NA,-85.5931335310486
"16570","2011-04-16",306.5,31.9583333333333,NA,NA,-66.9534645812765
"16571","2011-04-17",286.291666666667,29.6666666666667,NA,NA,-53.6005536223724
"16572","2011-04-18",333.708333333333,31.5416666666667,NA,NA,-37.8466723438338
"16573","2011-04-19",367.708333333333,34.2708333333333,NA,NA,-43.283772800455
"16574","2011-04-20",323.458333333333,29.28125,NA,NA,-39.2308618415503
"16575","2011-04-21",327,27.8333333333333,NA,NA,-71.6630536223724
"16576","2011-04-22",318.5,28.6875,NA,NA,-96.5109417502263
"16577","2011-04-23",286.75,32.8125,NA,NA,-80.5539782799068
"16578","2011-04-24",277.25,29.3125,NA,NA,-49.2072887821903
"16579","2011-04-25",336.625,28.0416666666667,NA,NA,-37.2452454031949
"16580","2011-04-26",333.333333333333,29.2291666666667,NA,NA,-17.1687613849297
"16581","2011-04-27",336.5,27.7916666666667,NA,NA,-16.8388527091305
"16582","2011-04-28",335.375,27.9166666666667,NA,NA,-60.1101426634686
"16583","2011-04-29",328.708333333333,28,NA,NA,-78.6394234853863
"16584","2011-04-30",292.75,31.9791666666667,NA,NA,-46.8462157228292
"16585","2011-05-01",287.291666666667,29.625,NA,NA,-17.2697887821899
"16586","2011-05-02",341.833333333333,27.2708333333333,NA,NA,-7.01545088264646
"16587","2011-05-03",334.291666666667,27.625,NA,NA,-3.81002850821722
"16588","2011-05-04",329.125,28.7708333333333,NA,NA,18.3711929529696
"16589","2011-05-05",324.291666666667,30.1458333333333,NA,NA,-0.347471430592067
"16590","2011-05-06",322.291666666667,28.6666666666667,NA,NA,-24.1913641246553
"16591","2011-05-07",303.958333333333,30.25,NA,NA,-19.8078024808204
"16592","2011-05-08",337.291666666667,35.4791666666667,NA,NA,-24.9188755401806
"16593","2011-05-09",436.208333333333,32.9166666666667,NA,NA,-34.1272088735141
"16594","2011-05-10",426,28.6458333333333,NA,NA,-32.2917065904094
"16595","2011-05-11",424.083333333333,32.2916666666667,NA,NA,-40.825268234245
"16596","2011-05-12",397.833333333333,35.5,NA,NA,-68.477323028765
"16597","2011-05-13",332.583333333333,31.7083333333333,NA,NA,-87.6406791931486
"16598","2011-05-14",282.25,29.4583333333333,NA,NA,-60.2266951748838
"16599","2011-05-15",279.166666666667,33.375,NA,NA,-13.6623686908656
"16600","2011-05-16",322.916666666667,36.9583333333333,NA,NA,-6.58839608812585
"16601","2011-05-17",324.791666666667,33.7083333333333,NA,NA,-16.2390239420072
"16602","2011-05-18",321.333333333333,32.8541666666667,NA,NA,-8.79821343972418
"16603","2011-05-19",339.041666666667,36.75,NA,NA,-5.24079334839988
"16604","2011-05-20",337.541666666667,33.3125,NA,NA,-3.13502850821721
"16605","2011-05-21",328.125,39.125,NA,NA,-24.4208161794496
"16606","2011-05-22",350.666666666667,34.875,NA,NA,-27.8289212022812
"16607","2011-05-23",347.875,33.5833333333333,NA,NA,-28.0780079602723
"16608","2011-05-24",377.041666666667,31.5208333333333,NA,NA,-8.32121572282898
"16609","2011-05-25",368.5,30.0833333333333,NA,NA,2.74864729086943
"16610","2011-05-26",329.166666666667,34.2916666666667,NA,NA,6.39196920867798
"16611","2011-05-27",320.333333333333,31.4166666666667,NA,NA,-4.42292805159633
"16612","2011-05-28",318.416666666667,29.4166666666667,NA,NA,-1.55312211552342
"16613","2011-05-29",363.416666666667,30.7708333333333,NA,NA,28.1725057383585
"16614","2011-05-30",387.791666666667,35.6666666666667,NA,NA,56.264286560276
"16615","2011-05-31",438.875,32.5625,NA,NA,34.9767865602758
"16616","2011-06-01",473.166666666667,30.9166666666667,NA,NA,0.0980194369882652
"16617","2011-06-02",485.666666666667,33.375,NA,NA,-52.8673915219158
"16618","2011-06-03",510.208333333333,34.6041666666667,NA,NA,-77.9361129831034
"16619","2011-06-04",473.25,30.6666666666667,NA,NA,-48.4896517958886
"16620","2011-06-05",446.791666666667,29.5,NA,NA,18.3927112178102
"16621","2011-06-06",520.708333333333,35.1666666666667,NA,NA,12.8942523137009
"16622","2011-06-07",519.958333333333,36.75,NA,NA,-4.62954905616221
"16623","2011-06-08",519.791666666667,30.0416666666667,NA,NA,-16.8285787365274
"16624","2011-06-09",511.333333333333,28.3958333333333,NA,NA,-24.3104280515957
"16625","2011-06-10",492.916666666667,32.2708333333333,NA,NA,-26.4592864990847
"16626","2011-06-11",428.416666666667,31.4166666666667,NA,NA,35.4731335922395
"16627","2011-06-12",376.208333333333,28.3333333333333,NA,NA,64.1083504872165
"16628","2011-06-13",486.583333333333,28.25,NA,NA,75.8511587063947
"16629","2011-06-14",459.333333333333,30.6666666666667,NA,NA,58.229355053427
"16630","2011-06-15",463.791666666667,31.25,NA,NA,60.5029851904128
"16631","2011-06-16",416.583333333333,29.7083333333333,NA,NA,20.3746746881303
"16632","2011-06-17",462.375,30.1666666666667,NA,NA,26.7485902132441
"16633","2011-06-18",480.833333333333,29.0833333333333,NA,NA,30.3678824506869
"16634","2011-06-19",447.541666666667,31.125,NA,NA,75.3575514004583
"16635","2011-06-20",528.583333333333,28.875,NA,NA,88.5883162406413
"16636","2011-06-21",481.583333333333,29.5416666666667,NA,NA,104.256752313701
"16637","2011-06-22",447.833333333333,29.0625,NA,NA,85.8037842771711
"16638","2011-06-23",448.916666666667,28.0208333333333,NA,NA,75.9399714917826
"16639","2011-06-24",432.5,29.1041666666667,NA,NA,67.1081792543399
"16640","2011-06-25",453,30.4583333333333,NA,NA,113.300473774887
"16641","2011-06-26",477.875,27.875,NA,NA,158.643453226943
"16642","2011-06-27",502.666666666667,26.2916666666667,NA,NA,160.236204368495
"16643","2011-06-28",492.125,27,NA,NA,171.366284277171
"16644","2011-06-29",521.791666666667,26.9166666666667,NA,NA,141.935976057993
"16645","2011-06-30",576.208333333333,28.0208333333333,NA,NA,93.5896290260292
"16646","2011-07-01",573.791666666667,28.875,NA,NA,47.099389300002
"16647","2011-07-02",515.875,29.5208333333333,390.889209847131,44.040953000309,80.9448371525597
"16648","2011-07-03",453.125,32.7708333333333,390.745488385944,-5.34907744109131,67.7285890551472
"16649","2011-07-04",440.083333333333,30.5625,390.734871947588,-44.6212177693293,93.9696791550744
"16650","2011-07-05",531,32.2916666666667,390.748228111971,22.017766248936,118.234005639093
"16651","2011-07-06",535.416666666667,28.8541666666667,390.68407286083,-11.7906241620229,156.52321796786
"16652","2011-07-07",492.083333333333,30.5208333333333,390.610214413341,-41.6439346643064,143.117053584298
"16653","2011-07-08",470.583333333333,27.375,390.483958705579,-10.8308068104253,90.9301814381795
"16654","2011-07-09",475.666666666667,31.1666666666667,390.286926742108,-0.0411378606528388,85.4208777852114
"16655","2011-07-10",537.208333333333,32.28125,390.113410760373,32.0682228699403,115.02669970302
"16656","2011-07-11",603.791666666667,28.8020833333333,390.011241810602,46.1022982124064,167.678126643659
"16657","2011-07-12",612.833333333333,32.125,389.841378796903,50.6407685320409,172.351186004389
"16658","2011-07-13",523.916666666667,28.3541666666667,389.5561048243,-0.548272563849196,134.908834406216
"16659","2011-07-14",558.666666666667,27.5416666666667,389.394917609688,21.8061794909449,147.465569566034
"16660","2011-07-15",567.208333333333,30.1666666666667,389.270945006949,74.4580059749629,103.479382351422
"16661","2011-07-16",533.5,29.5833333333333,389.103479253524,41.0923096279311,103.304211118545
"16662","2011-07-17",522.083333333333,29.25,389.021401627953,-9.09901457298201,142.160946278362
"16663","2011-07-18",573.291666666667,29.5416666666667,388.95108199325,6.90389638592245,177.436688287495
"16664","2011-07-19",585.583333333333,26.3333333333333,388.876652769506,1.9076635092095,194.799017054618
"16665","2011-07-20",600.208333333333,26.0625,388.887839984118,5.58374798409551,205.73674536512
"16666","2011-07-21",611.125,29.2083333333333,388.733616239825,23.606693189575,198.7846905706
"16667","2011-07-22",609.916666666667,29.2083333333333,388.612725828866,55.594478577703,165.709462260098
"16668","2011-07-23",549.666666666667,27.4375,388.415008933889,24.3109169338674,136.94074079891
"16669","2011-07-24",520.083333333333,26.9166666666667,388.311013500099,-35.7846880889638,167.557007922198
"16670","2011-07-25",550.041666666667,29.75,388.306561445305,-22.4290944816576,184.16419970302
"16671","2011-07-26",588.541666666667,32.4166666666667,388.199141353981,-7.3993570387351,207.741882351421
"16672","2011-07-27",606.375,28.9583333333333,388.091150486401,18.2165105411732,200.067338972426
"16673","2011-07-28",611.458333333333,29.1666666666667,388.039780623387,29.716624696424,193.701928013522
"16674","2011-07-29",594.166666666667,26.4583333333333,387.970602541195,45.5721612261049,160.623902899367
"16675","2011-07-30",503.125,32.3333333333333,387.864209847131,-8.60032735837018,123.861117511239
"16676","2011-07-31",508.416666666667,28.5416666666667,387.842520349414,-36.0640830661327,156.638229383385
"16677","2011-08-01",618.25,29.125,387.861127655351,40.1041817740499,190.2846905706
"16678","2011-08-02",658.416666666667,26.4166666666667,387.72311395672,48.9453918197121,221.748160890234
"16679","2011-08-03",664.083333333333,29.7708333333333,387.51306829462,42.9864306324973,233.583834406216
"16680","2011-08-04",580.541666666667,28.4166666666667,387.256333134803,3.74322286994033,189.542110661924
"16681","2011-08-05",555.875,27.0416666666667,386.941150486401,0.949444331127381,167.984405182472
"16682","2011-08-06",552.333333333333,29.375,386.619004367679,47.0380858836386,118.676243082015
"16683","2011-08-07",521.333333333333,31.25,386.454506650784,5.40783474208604,129.470991940463
"16684","2011-08-08",440.5,27.125,386.455648203296,-56.4533524725256,110.49770426923
"16685","2011-08-09",490.166666666667,30.0416666666667,386.317520349415,-1.55449402503672,105.403640342289
"16686","2011-08-10",447.625,27.5833333333333,386.097657335716,-22.543820509055,84.0711631733391
"16687","2011-08-11",460.416666666667,30.625,385.837269207862,10.1237593996208,64.4556380591842
"16688","2011-08-12",465.208333333333,32.75,385.609871947588,39.4618872535017,40.1365741322432
"16689","2011-08-13",437,30.3125,385.495145920191,29.2347753813556,22.2700786984536
"16690","2011-08-14",405.416666666667,31.5,385.48510025809,-1.16219950448874,21.0937659130655
"16691","2011-08-15",431.833333333333,29.625,385.669917609688,29.5658826872919,16.5975330363526
"16692","2011-08-16",441.541666666667,27.4375,385.697657335716,-11.4143684542602,67.2583777852114
"16693","2011-08-17",525.333333333333,27.8333333333333,385.710785189597,10.3548096279309,129.267738515805
"16694","2011-08-18",563.25,26.75,385.715237244392,75.7857457009905,101.749017054618
"16695","2011-08-19",544.833333333333,28.6875,385.71603633115,96.5012708151454,62.6160261870379
"16696","2011-08-20",497.875,26.1458333333333,385.659643637086,65.9900265229081,46.2253298400061
"16697","2011-08-21",480.958333333333,28.2291666666667,385.642406194163,36.3977320023604,58.9181951368092
"16698","2011-08-22",546.583333333333,26.9791666666667,385.752680166766,57.3042388516753,103.526414314892
"16699","2011-08-23",479.958333333333,26.625,385.730876513798,10.9723324589814,83.2551243605535
"16700","2011-08-24",566.291666666667,27.5416666666667,385.622200714711,52.6195927329541,128.049873219001
"16701","2011-08-25",500.125,27.1666666666667,385.502451856264,30.8050379384334,83.8175102053027
"16702","2011-08-26",462.083333333333,29.5833333333333,385.426995235259,32.941624696424,43.7147134016497
"16703","2011-08-27",461.041666666667,26.5416666666667,385.196287472702,31.7213050617215,44.1240741322434
"16704","2011-08-28",456.583333333333,29.1041666666667,385.04411852293,-8.86271320311943,80.401928013522
"16705","2011-08-29",499.5,26.5208333333333,385.078136787771,16.8172525503056,97.6046106619238
"16706","2011-08-30",494.75,27.5,385.01409569188,12.3343187603514,97.4015855477684
"16707","2011-08-31",566.625,27.2291666666667,384.885899344848,38.1104603128628,143.628640342289
"16708","2011-09-01",597.458333333333,29.8125,384.818547746675,84.0675379384335,128.572247648225
"16709","2011-09-02",554.875,31.4583333333333,384.748342267223,101.600642961265,68.5260147715128
"16710","2011-09-03",501.166666666667,30.5833333333333,384.680191582291,52.9842616827257,63.5022134016502
"16711","2011-09-04",363.458333333333,29.2916666666667,384.545945006949,-43.2357154862245,22.1481038126086
"16712","2011-09-05",303.791666666667,29.4166666666667,384.546858248958,-116.537256582114,35.7820649998233
"16713","2011-09-06",337,27.8958333333333,384.422657335716,-98.4270396871372,51.0043823514213
"16714","2011-09-07",342.125,30.875,384.279849116538,-82.8725305547171,40.7176814381793
"16715","2011-09-08",350,28.125,384.162954139369,-55.1023250752654,20.9393709358965
"16716","2011-09-09",357.791666666667,30.8333333333333,384.048913043478,20.2766132808995,-46.533859657711
"16717","2011-09-10",333.041666666667,27.4583333333333,383.872771490967,11.1009829453822,-61.9320877696822
"16718","2011-09-11",339.666666666667,29.7083333333333,383.837581893985,-11.7887133023845,-32.3822019249332
"16719","2011-09-12",418.958333333333,27.7708333333333,383.888326384753,9.84339162118096,25.2266153273991
"16720","2011-09-13",466,32.6666666666667,383.749970220369,27.8059486988069,54.4440810808237
"16721","2011-09-14",370.875,31.7291666666667,383.678737343657,-15.5761860043897,2.77244866073269
"16722","2011-09-15",322.875,29.5416666666667,383.662869763748,-3.88200792219766,-56.9058618415508
"16723","2011-09-16",317.291666666667,31.4583333333333,383.668577526306,9.56742130154646,-75.9443321611849
"16724","2011-09-17",291.541666666667,28.875,383.597915425849,-5.70364034228919,-86.3526084168927
"16725","2011-09-18",288.291666666667,30.4166666666667,383.551568393885,-36.9345764153481,-58.3253253118702
"16726","2011-09-19",343.5,28.0625,383.663554695255,3.79259253442297,-43.9561472296783
"16727","2011-09-20",353.25,26.4166666666667,383.614810403018,7.10651947506261,-37.4713298780804
"16728","2011-09-21",349.916666666667,28.6875,383.575655151876,-3.19570655233446,-30.4632819328748
"16729","2011-09-22",333.333333333333,27.0416666666667,383.53204784594,-10.5922818948007,-39.6064326178065
"16730","2011-09-23",326.583333333333,29.0208333333333,383.444376613063,12.1344875115922,-68.9955307913226
"16731","2011-09-24",290.958333333333,26.9166666666667,383.243577526305,5.54932769424039,-97.8345718872129
"16732","2011-09-25",278.75,29.375,383.085700813977,-28.5558092920608,-75.7798915219159
"16733","2011-09-26",325.875,27.2916666666667,383.097572960095,-37.3394280135222,-19.8831449465733
"16734","2011-09-27",342.958333333333,27.3541666666667,383.107390311694,-15.9275558674036,-24.221501110957
"16735","2011-09-28",359.916666666667,27.625,383.110700813977,-6.81351477151259,-16.3805193757972
"16736","2011-09-29",366.375,27.9166666666667,383.045860631328,0.0712455024598739,-16.7421061337883
"16737","2011-09-30",325.625,27.5833333333333,382.991522731785,7.29133682666043,-64.6578595584454
"16738","2011-10-01",285.833333333333,27.0416666666667,382.918120905301,-1.40489605005172,-95.6798915219163
"16739","2011-10-02",282.458333333333,27.75,383.006819535438,-23.8824074655772,-76.6660787365278
"16740","2011-10-03",334.125,27.7083333333333,383.253509033155,2.04476148419485,-51.1732705173497
"16741","2011-10-04",345.083333333333,28.375,383.361728211237,4.98482997734538,-43.2632248552494
"16742","2011-10-05",345.458333333333,27.7916666666667,383.374856065118,-2.38349194046305,-35.5330307913223
"16743","2011-10-06",356.541666666667,24.25,383.304422275164,20.9595445892177,-47.7223001977147
"16744","2011-10-07",359.75,29.5208333333333,383.174171133611,32.3887112558843,-55.8128823894958
"16745","2011-10-08",326.416666666667,30.3333333333333,382.917207663292,19.0927066896743,-75.5932476862991
"16746","2011-10-09",312.708333333333,26.875,382.658075243201,-6.68999878977775,-63.2597431200898
"16747","2011-10-10",346.666666666667,28.5,382.619490768315,10.090480662277,-46.0433047639247
"16748","2011-10-11",346.875,32.7083333333333,382.559102640461,12.1751838586239,-47.8592864990847
"16749","2011-10-12",345.916666666667,27.25,382.500426841374,9.3705034933277,-45.9542636680347
"16750","2011-10-13",338.541666666667,25.4270833333333,382.424970220369,8.01627974903511,-51.8995833027375
"16751","2011-10-14",325.666666666667,26.7291666666667,382.32702501489,14.1037226714095,-70.7640810196325
"16752","2011-10-15",291.541666666667,29.375,382.190495334525,2.44732997734593,-93.0961586452036
"16753","2011-10-16",303.208333333333,24.5208333333333,382.112869763749,-13.4753298400064,-65.4292065904091
"16754","2011-10-17",329.083333333333,30.625,382.176568393885,-2.5596334929744,-50.5336015675781
"16755","2011-10-18",328.916666666667,22.5833333333333,382.133189398452,0.159030890587587,-53.3755536223723
"16756","2011-10-19",348.083333333333,30.9583333333333,382.000655151876,13.1741564613639,-47.0914782799072
"16757","2011-10-20",344.708333333333,23.7916666666667,382.007732777447,12.5287226714093,-49.8281221155234
"16758","2011-10-21",337.666666666667,31.3541666666667,381.946773873338,25.0532089727793,-69.3333161794498
"16759","2011-10-22",295.166666666667,28.0625,381.823600357356,3.3134829453823,-89.9704166360711
"16760","2011-10-23",286.958333333333,27.375,381.760814969228,-37.0735604336135,-57.7289212022815
"16761","2011-10-24",340.458333333333,24.625,381.851796704388,-13.5792111185449,-27.81425225251
"16762","2011-10-25",349.291666666667,25,381.82497022037,-13.2464485614673,-19.2868549922353
"16763","2011-10-26",337.291666666667,20.875,381.938212229502,-3.01819513680931,-41.6283504260256
"16764","2011-10-27",334.375,29.1666666666667,382.05704784594,1.56884824218594,-49.2508960881263
"16765","2011-10-28",329.125,29.1666666666667,382.013440540004,11.6797500686699,-64.5681906086742
"16766","2011-10-29",301.291666666667,23.125,381.933417708954,1.35423637003964,-81.9959874123267
"16767","2011-10-30",290.25,28.75,381.960929124479,-24.6969051824719,-67.0140239420072
"16768","2011-10-31",333.75,21.0416666666667,382.126111772881,-3.40010152950396,-44.976010243377
"16769","2011-11-01",332.333333333333,20.4583333333333,382.222344649593,2.94127974903489,-52.8302910652952
"16770","2011-11-02",333.291666666667,29.9166666666667,382.411842366488,0.317992077802216,-49.4381677776234
"16771","2011-11-03",354.25,27.5833333333333,382.656591224936,15.8741564613641,-44.2807476862998
"16772","2011-11-04",337.458333333333,22.375,382.923486202105,24.4004692467516,-69.8656221155234
"16773","2011-11-05",299.291666666667,20.9583333333333,383.128280722653,4.87655372163783,-88.7131677776235
"16774","2011-11-06",292.5,30,383.326225928132,-20.053925730417,-70.7723001977152
"16775","2011-11-07",334.916666666667,27.0416666666667,383.378280722653,-1.8290969632933,-46.6325170926923
"16776","2011-11-08",338.041666666667,22.875,383.117778439548,-2.01499878977768,-43.0611129831029
"16777","2011-11-09",346.125,21.7916666666667,382.860814969228,3.0351153654733,-39.7709303347012
"16778","2011-11-10",354.083333333333,29.3541666666667,382.612869763749,13.532661027574,-42.0621974579895
"16779","2011-11-11",339.458333333333,27.0208333333333,382.395518165575,24.6260400230076,-67.5632248552496
"16780","2011-11-12",303.041666666667,22.0416666666667,382.287184832242,7.59858568510816,-86.8441038506829
"16781","2011-11-13",284.875,20.0625,382.307732777447,-32.5549531276772,-64.87777964977
"16782","2011-11-14",330.125,28.9375,382.484216795712,-12.5144280135221,-39.8447887821899
"16783","2011-11-15",332.75,22.7083333333333,382.559559261465,-7.40169970301986,-42.4078595584456
"16784","2011-11-16",346.833333333333,23.2708333333333,382.669376613064,-1.6013572372662,-34.2346860424644
"16785","2011-11-17",360.875,23.75,382.797230494342,11.2433916211813,-33.1656221155234
"16786","2011-11-18",351.291666666667,23.7708333333333,382.918349215803,22.5383687901314,-54.1650513392677
"16787","2011-11-19",308,21.8958333333333,382.985929124479,5.92324321935502,-80.9091723438341
"16788","2011-11-20",308.75,19.6666666666667,382.982276156443,-13.5966768719692,-60.6355992844734
"16789","2011-11-21",357.041666666667,18.1666666666667,382.969719078817,9.78408796821367,-35.7121403803636
"16790","2011-11-22",353.166666666667,24.9166666666667,382.96104327973,11.2909372832818,-41.085313896345
"16791","2011-11-23",339.375,24.0833333333333,382.979764740917,32.4600012102225,-76.0647659511399
"16792","2011-11-24",283.25,19.0208333333333,383.122458804844,-8.96140289936682,-90.9110559054776
"16793","2011-11-25",296.208333333333,25.1458333333333,383.465837800278,-10.5033549541615,-76.7541495127837
"16794","2011-11-26",297.708333333333,19.6666666666667,383.717550129045,-2.10050107288259,-83.9087157228297
"16795","2011-11-27",334.041666666667,23.2083333333333,383.913554695255,-14.6840056390925,-35.1878823894959
"16796","2011-11-28",386.375,22.8958333333333,384.039924558269,3.39938477186649,-1.0643093301355
"16797","2011-11-29",389.583333333333,18.375,384.21104327973,8.63414504583869,-3.26185499223596
"16798","2011-11-30",383.416666666667,17,384.164125471511,11.8723870549713,-12.6198458598153
"16799","2011-12-01",366.666666666667,19.4583333333333,383.828623188406,11.2078893380763,-28.3698458598153
"16800","2011-12-02",363.541666666667,17.5,383.341979352789,28.0488139956108,-47.8491266817333
"16801","2011-12-03",321,19.5208333333333,382.770404010324,11.1517820321403,-72.922186042464
"16802","2011-12-04",327.708333333333,24.0416666666667,382.31104327973,-6.64827504548526,-47.9544349009118
"16803","2011-12-05",415.791666666667,17.8541666666667,382.269148302561,38.6395674202683,-5.11704905616247
"16804","2011-12-06",431.791666666667,15.3333333333333,381.994376613063,39.6838596577114,10.1134303958922
"16805","2011-12-07",411.375,23.1666666666667,381.653509033155,31.4270674202683,-1.70557645342311
"16806","2011-12-08",398.583333333333,21.7291666666667,381.244262457812,28.7607432193545,-11.4216723438339
"16807","2011-12-09",396.083333333333,22.4791666666667,380.877367480643,40.4085742695829,-25.2026084168932
"16808","2011-12-10",365.625,16.8333333333333,380.552139170141,26.2675925344234,-41.1947317045644
"16809","2011-12-11",347.791666666667,23,380.464467937264,-25.7373161413756,-6.93548512922163
"16810","2011-12-12",387.5,18.625,380.504878896168,-4.44176819616996,11.4368893000016
"16811","2011-12-13",380.958333333333,20.5625,380.243691681557,-0.630638059183809,1.34527971096028
"16812","2011-12-14",369.166666666667,20.7083333333333,380.051454238634,-1.31311522813354,-9.57167234383351
"16813","2011-12-15",365.833333333333,19.1041666666667,379.915609489776,1.5806062330534,-15.6628823894962
"16814","2011-12-16",381.875,22.625,379.963440540004,33.9890537216379,-32.077494261642
"16815","2011-12-17",351.416666666667,22.6875,379.850769307127,24.5301496120494,-52.9642522525098
"16816","2011-12-18",338.083333333333,16.3958333333333,379.692550129045,-11.3594051824719,-30.2498116132403
"16817","2011-12-19",362.583333333333,21.25,379.793691681557,0.0140537216380494,-17.2244120698617
"16818","2011-12-20",363.75,17.7708333333333,379.673942823109,2.4913939042865,-18.4153367273956
"16819","2011-12-21",380.791666666667,18.78125,379.691979352789,-2.71214490849849,3.81183222237612
"16820","2011-12-22",386.833333333333,20.8125,379.607961087949,3.71667929241397,3.50869295296968
"16821","2011-12-23",369.583333333333,19.6666666666667,379.569490768315,21.9012112558844,-31.8873686908661
"16822","2011-12-24",339.291666666667,16.0833333333333,379.559559261465,21.3969875115926,-61.6648801063909
"16823","2011-12-25",307.916666666667,21.7916666666667,379.588212229502,-10.9695079221976,-60.7020376406372
"16824","2011-12-26",347.666666666667,15.7916666666667,379.805449672424,0.124955548122387,-32.2637385538796
"16825","2011-12-27",359.25,14.6666666666667,379.866522731785,-16.9224759587271,-3.69404677305781
"16826","2011-12-28",360.833333333333,15.125,379.931477069684,-14.6038686527912,-4.49427508356027
"16827","2011-12-29",346.75,20.2916666666667,379.954193964662,-16.3838914838416,-16.8203024808199
"16828","2011-12-30",328,17.0833333333333,379.861499900735,-19.8558092920607,-32.005690608674
"16829","2011-12-31",306.25,20.25,379.654422275164,-18.3185376025631,-55.0858846726008
"16830","2012-01-01",290.875,15.3958333333333,379.567892594799,-33.831665456444,-54.8612271383546
"16831","2012-01-02",345.583333333333,19.7916666666667,379.731362914433,-4.97453075324808,-29.1734988278523
"16832","2012-01-03",375.541666666667,14.5833333333333,379.916865197538,-14.1499873742522,9.77478884338103
"16833","2012-01-04",353.958333333333,18.0625,379.737298987493,-19.3003298400062,-6.47863581415339
"16834","2012-01-05",347.666666666667,15.7916666666667,379.743349215803,-16.5608321231105,-15.5158504260255
"16835","2012-01-06",326.583333333333,20.5,379.913326384753,-14.823503355988,-38.5064896954319
"16836","2012-01-07",297.166666666667,20.625,379.914924558269,-23.8333777852112,-58.9148801063907
"16837","2012-01-08",304.125,17.25,379.858189398451,-38.2798960500515,-37.4532933483999
"16838","2012-01-09",350.916666666667,15.0208333333333,379.626454238634,-8.39696226009676,-20.3128253118703
"16839","2012-01-10",355.458333333333,15.4583333333333,379.318120905301,2.52860851615839,-26.3883960881262
"16840","2012-01-11",341.916666666667,12.9791666666667,378.985244192972,-7.2560376025628,-29.8125399237423
"16841","2012-01-12",412.333333333333,15.25,378.933646019456,37.8068048631901,-4.4071175493132
"16842","2012-01-13",401.458333333333,14.4375,378.759330950963,36.4649098860215,-13.7659075036514
"16843","2012-01-14",340,11.5625,378.296203097082,-17.4304097486815,-20.8657933484001
"16844","2012-01-15",321.75,16.9166666666667,378.016522731785,-50.8586060957139,-5.40791663607104
"16845","2012-01-16",329.416666666667,12.125,378.012755608497,-47.92527276238,-0.670816179450186
"16846","2012-01-17",357.791666666667,17.7083333333333,377.922116339091,-24.6882864610101,4.55783678858631
"16847","2012-01-18",398.708333333333,15.3333333333333,377.859330950963,3.22404230611261,17.6249600762574
"16848","2012-01-19",355.625,17.5208333333333,377.776225928132,-9.58383440621577,-12.5673915219161
"16849","2012-01-20",374.833333333333,15.875,377.594833234068,27.5294076029164,-30.2909075036514
"16850","2012-01-21",351.208333333333,18.5833333333333,377.237983919,18.970903036706,-45.0005536223726
"16851","2012-01-22",329.291666666667,16.7916666666667,377.052709946397,-28.6676243605536,-19.093418919176
"16852","2012-01-23",348.916666666667,18.8333333333333,377.197344649593,-29.1664828080421,0.885804825116109
"16853","2012-01-24",356.333333333333,18.375,377.269148302561,-13.2876015295038,-7.64821343972435
"16854","2012-01-25",357.75,20.2916666666667,377.258988485209,-22.0060376025628,2.4970491173533
"16855","2012-01-26",353.208333333333,16.5208333333333,377.108988485209,-13.068537602563,-10.8321175493135
"16856","2012-01-27",355,14.84375,376.896203097082,12.36827746593,-34.2644805630116
"16857","2012-01-28",320.583333333333,15.5104166666667,376.596431407584,-1.12378874411581,-54.889309330135
"16858","2012-01-29",305.791666666667,20.6458333333333,376.593691681556,-16.8851471916037,-53.9168778232857
"16859","2012-01-30",333.375,16.25,376.741636887036,-4.25209924639853,-39.1145376406373
"16860","2012-01-31",327.666666666667,18.3333333333333,376.472116339091,-31.1346334929739,-17.6708161794497
"16861","2012-02-01",324.5,17.4583333333333,376.154878896168,-45.2752156847545,-6.37966321141372
"16862","2012-02-02",331.625,17.7083333333333,375.871431407584,-47.0985033559878,2.85207194840404
"16863","2012-02-03",331.75,16.3333333333333,375.804308119913,-10.5325216208277,-33.521786499085
"16864","2012-02-04",301.75,13.03125,375.753394877903,-12.1962202509646,-61.8071746269388
"16865","2012-02-05",309.875,12.3125,375.450883462378,-21.7715627167182,-43.8043207456601
"16866","2012-02-06",347.708333333333,10.3958333333333,375.377139170141,-5.78509011397864,-21.8837157228292
"16867","2012-02-07",359.083333333333,11.875,375.642321818543,0.494133630313456,-17.0531221155232
"16868","2012-02-08",367.083333333333,17.3333333333333,375.606933690689,4.99287792255109,-13.5164782799069
"16869","2012-02-09",362.666666666667,11.4583333333333,375.686956521739,0.636428150862173,-13.6567180059341
"16870","2012-02-10",367.833333333333,16.2083333333333,375.588554695255,8.40640531981148,-16.1616266817336
"16871","2012-02-11",373.416666666667,11.2083333333333,375.329764740917,27.0270674202683,-28.9401654945184
"16872","2012-02-12",346.958333333333,11.6666666666667,375.126796704387,-5.92475906375017,-22.2437043073043
"16873","2012-02-13",387.5,10.5833333333333,375.090381179273,4.17187335634094,8.23774546438574
"16874","2012-02-14",361.708333333333,10.4583333333333,374.884901727219,-5.0472476482251,-8.1293207456605
"16875","2012-02-15",356.958333333333,11.9791666666667,374.903851498908,-2.30546682630734,-15.6400513392678
"16876","2012-02-16",340.708333333333,7.58333333333333,374.803394877903,-14.2834348628372,-19.8116266817333
"16877","2012-02-17",332.541666666667,13.9166666666667,374.344490768314,-10.9095764153481,-30.8932476862993
"16878","2012-02-18",301.291666666667,12.8958333333333,373.772116339091,-8.65278417790552,-63.8276654945182
"16879","2012-02-19",289.833333333333,14.375,373.367093508041,-31.5461631733394,-51.9875970013682
"16880","2012-02-20",335.75,10.28125,373.124627754616,-23.7854325797318,-13.5891951748841
"16881","2012-02-21",336.083333333333,10.7916666666667,372.767550129045,-34.0957065523349,-2.58851024337722
"16882","2012-02-22",332.25,9.45833333333333,372.664810403018,-33.3683663696864,-7.04644403333134
"16883","2012-02-23",318.916666666667,8.75,372.334559261465,-37.478126643659,-15.9397659511392
"16884","2012-02-24",335.75,6.4375,372.124627754616,-12.3836631733392,-23.9909645812767
"16885","2012-02-25",301.708333333333,7,371.903280722652,-13.2763572372663,-56.9185901520531
"16886","2012-02-26",284.666666666667,6.75,371.689353782013,-46.6744165979968,-40.3482705173494
"16887","2012-02-27",317.541666666667,6.125,371.698828667858,-40.0888001596408,-14.0683618415501
"16888","2012-02-28",325.625,6.83333333333333,371.56800675005,-38.6517567806453,-7.29124996940439
"16889","2012-02-29",314.208333333333,7.10416666666667,371.462413142744,-45.3287544975403,-11.9253253118705
"16890","2012-03-01",321.875,5.58333333333333,371.216522731785,-46.2366312098688,-3.10489152191605
"16891","2012-03-02",312.916666666667,6.66666666666667,370.719604923566,-27.4994165979965,-30.3035216589022
"16892","2012-03-03",303.041666666667,5.125,370.127139170141,-18.4870307532477,-48.5984417502263
"16893","2012-03-04",292.125,5.83333333333333,369.801454238634,-29.2587202509648,-48.4177339876694
"16894","2012-03-05",323.458333333333,4.75,370.003737343657,-24.2794965066727,-22.2659075036513
"16895","2012-03-06",319.541666666667,7.8125,370.607961087949,-30.5065513011931,-20.5597431200891
"16896","2012-03-07",314.041666666667,7.96875,371.113668850506,-22.3591197943436,-34.7128823894956
"16897","2012-03-08",332.5,10.3020833333333,371.534787571967,-7.26859468018876,-31.7661928917787
"16898","2012-03-09",328,15,371.80407980941,13.185971529857,-56.9900513392673
"16899","2012-03-10",281.75,9.1875,371.660358348223,-8.56768888308704,-81.3426694651361
"16900","2012-03-11",281.739130434783,16.2291666666667,371.567435973794,-47.0888696454456,-42.7394358935653
"16901","2012-03-12",314,13.625,371.600655151876,-24.9306380591843,-32.6700170926917
"16902","2012-03-13",321.458333333333,15,371.515495334525,-19.6084919404627,-30.4486700607289
"16903","2012-03-14",336.625,16.0833333333333,371.332504466945,-4.70866317333918,-29.9988412936054
"16904","2012-03-15",342.541666666667,11.2083333333333,371.387413142744,10.5059486988071,-39.3516951748838
"16905","2012-03-16",336.375,15.875,371.37805241215,27.4590879682131,-62.4621403803632
"16906","2012-03-17",297.291666666667,8.125,371.294490768315,-7.28777276238031,-66.7150513392672
"16907","2012-03-18",282.291666666667,14.3541666666667,371.294833234068,-33.8599188811018,-55.1432476862991
"16908","2012-03-19",325.75,19.5833333333333,371.466865197538,-17.0962773285904,-28.6205878689479
"16909","2012-03-20",314.333333333333,14.3333333333333,371.415609489776,-26.9045535842987,-30.177722572144
"16910","2012-03-21",314.791666666667,13.5,371.346659718086,-39.3046677395494,-17.2503253118697
"16911","2012-03-22",307.666666666667,21.6458333333333,371.334787571967,-34.4457065523346,-29.2224143529659
"16912","2012-03-23",304.083333333333,16.8958333333333,371.36401131626,-18.2861745888648,-48.994503394062
"16913","2012-03-24",273.416666666667,16,371.269148302561,-35.8304668263074,-62.0220148095867
"16914","2012-03-25",273.875,17.3333333333333,371.211385745483,-66.6706494747094,-30.665736270774
"16915","2012-03-26",334.25,14.7760416666667,371.341865197538,-24.9303526710563,-12.161512526482
"16916","2012-03-27",360.125,12,371.520746476077,-4.79787550210631,-6.59787097397077
"16917","2012-03-28",350.458333333333,13.3333333333333,371.582276156442,6.224270616615,-27.3482134397244
"16918","2012-03-29",344.375,14.4166666666667,371.593691681556,18.729179292414,-45.9478709739705
"16919","2012-03-30",334.875,11.375,371.567207663292,23.6520103426425,-60.3442180059341
"16920","2012-03-31",309.541666666667,9.08333333333333,371.500883462378,19.4207318038297,-81.3799485995411
"16921","2012-04-01",326.083333333333,13.9375,371.48204784594,1.35218157551873,-46.7508960881259
"16922","2012-04-02",386,10.0833333333333,371.58604327973,14.9508687901312,-0.536912069861218
"16923","2012-04-03",371.75,10.625,371.54700218384,12.8221016668434,-12.6191038506832
"16924","2012-04-04",348.125,13.2916666666667,371.491294421283,6.00543500017659,-29.3717294214592
"16925","2012-04-05",308.333333333333,6.83333333333333,371.475769307127,-10.1627727623807,-52.9796632114138
"16926","2012-04-06",282.958333333333,15.3333333333333,371.332618622196,-0.196505639092834,-88.1777796497702
"16927","2012-04-07",260.916666666667,8.83333333333333,371.127139170141,-8.87447367562254,-101.335998827852
"16928","2012-04-08",252.5,12.0208333333333,370.995289855073,-36.0373161413762,-82.4579737136966
"16929","2012-04-09",315.458333333333,15.3333333333333,371.005906293429,-8.10381157516605,-47.4437613849298
"16930","2012-04-10",313.583333333333,9.64583333333333,370.924741909867,-8.65923394959509,-48.6821746269391
"16931","2012-04-11",308.875,13.625,370.832390311694,-18.8633435386363,-43.0940467730574
"16932","2012-04-12",311.458333333333,15.0208333333333,370.755792138178,-12.8675102053031,-46.4299485995417
"16933","2012-04-13",305.416666666667,8.79166666666667,370.686956521739,4.9255263243777,-70.19581617945
"16934","2012-04-14",287.125,15.75,370.584901727219,2.1332318038298,-85.5931335310486
"16935","2012-04-15",278.166666666667,10.8958333333333,370.54700218384,-25.4268709358963,-66.9534645812765
"16936","2012-04-16",309.541666666667,7.16666666666667,370.596888028589,-7.45466773954928,-53.6005536223724
"16937","2012-04-17",317.875,16.1979166666667,370.586842366488,-14.8651700226544,-37.8466723438338
"16938","2012-04-18",319.333333333333,9.17708333333333,370.562184832242,-7.94507869845364,-43.283772800455
"16939","2012-04-19",326.041666666667,16.6875,370.466636887036,-5.19410837881878,-39.2308618415503
"16940","2012-04-20",304.75,10.2708333333333,370.374627754616,6.03842586775642,-71.6630536223724
"16941","2012-04-21",273.541666666667,13.6458333333333,370.21401131626,-0.161402899366465,-96.5109417502263
"16942","2012-04-22",263.833333333333,13.375,370.172801270598,-25.7854896573579,-80.5539782799068
"16943","2012-04-23",310.458333333333,13.8541666666667,370.353394877904,-10.6877727623803,-49.2072887821903
"16944","2012-04-24",326.833333333333,16.0833333333333,370.405107206671,-6.32652847014282,-37.2452454031949
"16945","2012-04-25",374.666666666667,10.6666666666667,370.455107206671,21.380320844926,-17.1687613849297
"16946","2012-04-26",379.875,9.91666666666667,370.448372046853,26.2654806622772,-16.8388527091305
"16947","2012-04-27",319.458333333333,20.1666666666667,370.415723645027,9.15275235177472,-60.1101426634686
"16948","2012-04-28",299.5,16.625,370.327595791146,7.81182769424066,-78.6394234853863
"16949","2012-04-29",302.791666666667,10.7916666666667,370.296088941831,-20.6582065523343,-46.8462157228292
"16950","2012-04-30",347.583333333333,8.25,370.407504466945,-5.55438235142179,-17.2697887821899
"16951","2012-05-01",376.958333333333,15.0833333333333,370.401796704388,13.5719875115919,-7.01545088264646
"16952","2012-05-02",403.458333333333,21.7083333333333,370.360814969228,36.9075468723225,-3.81002850821722
"16953","2012-05-03",418.458333333333,15.5416666666667,370.3330752432,29.7540651371631,18.3711929529696
"16954","2012-05-04",421.708333333333,11.375,370.218919992059,51.8368847718663,-0.347471430592067
"16955","2012-05-05",397.041666666667,10.2083333333333,370.056477069684,51.176553721638,-24.1913641246553
"16956","2012-05-06",376.208333333333,13.6666666666667,369.999627754616,26.0165080595375,-19.8078024808204
"16957","2012-05-07",356.291666666667,20.2291666666667,370.078394877904,11.1321473289441,-24.9188755401806
"16958","2012-05-08",341.125,16.4583333333333,370.056933690689,5.19527518282518,-34.1272088735141
"16959","2012-05-09",332.208333333333,13.0416666666667,370.03707067699,-5.53703075324785,-32.2917065904094
"16960","2012-05-10",333.583333333333,10.5625,369.990267024022,4.41833454355577,-40.825268234245
"16961","2012-05-11",318.5,10.7291666666667,369.886499900735,17.0908231280305,-68.477323028765
"16962","2012-05-12",293.041666666667,20.1666666666667,369.722230494342,10.9601153654738,-87.6406791931486
"16963","2012-05-13",289.75,19.6666666666667,369.651340083383,-19.6746449084991,-60.2266951748838
"16964","2012-05-14",343.583333333333,15.0416666666667,369.800655151876,-12.5549531276774,-13.6623686908656
"16965","2012-05-15",350.416666666667,14.125,369.839810403018,-12.8347476482246,-6.58839608812585
"16966","2012-05-16",364.875,16.5,369.850883462378,11.2631404796289,-16.2390239420072
"16967","2012-05-17",368,22.2291666666667,369.829650585666,6.96856285405823,-8.79821343972418
"16968","2012-05-18",383.25,19.9583333333333,369.737527297995,18.7532660504051,-5.24079334839988
"16969","2012-05-19",362.208333333333,15.25,369.582846932698,-4.2394850911478,-3.13502850821721
"16970","2012-05-20",326.791666666667,12.4166666666667,369.51903414731,-18.3065513011931,-24.4208161794496
"16971","2012-05-21",346.083333333333,11.0416666666667,369.562413142744,4.34984139287064,-27.8289212022812
"16972","2012-05-22",344.708333333333,21.9166666666667,369.477595791145,3.30874550245989,-28.0780079602723
"16973","2012-05-23",383.875,23.7291666666667,369.384445106214,22.8117706166151,-8.32121572282898
"16974","2012-05-24",420.583333333333,19.875,369.174856065118,48.6598299773456,2.74864729086943
"16975","2012-05-25",454.5,18.2916666666667,369.19106611078,78.916964680542,6.39196920867798
"16976","2012-05-26",412.208333333333,18.2083333333333,369.213554695255,47.4177066896744,-4.42292805159633
"16977","2012-05-27",389.958333333333,18.1666666666667,369.188554695255,22.3229007536015,-1.55312211552342
"16978","2012-05-28",409.541666666667,18.375,369.231591224935,12.1375697033732,28.1725057383585
"16979","2012-05-29",450.25,17.0416666666667,369.174970220369,24.8107432193549,56.264286560276
"16980","2012-05-30",421.75,16.1666666666667,369.088783005757,17.684430433967,34.9767865602758
"16981","2012-05-31",350.708333333333,14.9166666666667,368.984673416716,-18.3743595203714,0.0980194369882652
"16982","2012-06-01",308.041666666667,16.4166666666667,368.885358348223,-7.97630015964018,-52.8673915219158
"16983","2012-06-02",301.583333333333,16.8958333333333,368.695175699821,10.8242706166151,-77.9361129831034
"16984","2012-06-03",305.583333333333,16.4583333333333,368.598942823109,-14.5259576938873,-48.4896517958886
"16985","2012-06-04",431.5,16,368.601682549136,44.5056062330535,18.3927112178102
"16986","2012-06-05",420.416666666667,16.3541666666667,368.355677982926,39.16673637004,12.8942523137009
"16987","2012-06-06",395.541666666667,20.1041666666667,368.10407980941,32.067135913419,-4.62954905616221
"16988","2012-06-07",370.416666666667,18.125,367.898143736351,19.3471016668437,-16.8285787365274
"16989","2012-06-08",377.416666666667,16.4166666666667,367.707618622196,34.0194760960672,-24.3104280515957
"16990","2012-06-09",374.208333333333,13.3333333333333,367.453737343657,33.213882488761,-26.4592864990847
"16991","2012-06-10",396.416666666667,19.4375,367.277709946396,-6.33417687196885,35.4731335922395
"16992","2012-06-11",390.958333333333,16.6875,367.386956521739,-40.5369736756224,64.1083504872165
"16993","2012-06-12",391.25,15.9166666666667,367.379993051419,-51.981151757814,75.8511587063947
"16994","2012-06-13",389.166666666667,15.125,367.353623188406,-36.4163115751656,58.229355053427
"16995","2012-06-14",414.208333333333,14.2916666666667,367.33204784594,-13.6266997030196,60.5029851904128
"16996","2012-06-15",434.041666666667,17.5416666666667,367.295175699821,46.3718162787158,20.3746746881303
"16997","2012-06-16",421.25,18.0833333333333,367.079878896168,27.4215308905879,26.7485902132441
"16998","2012-06-17",423.083333333333,15.4166666666667,366.916294421282,25.7991564613638,30.3678824506869
"16999","2012-06-18",484.458333333333,19.9583333333333,366.949399444113,42.1513824887614,75.3575514004583
"17000","2012-06-19",484.875,19.4375,366.919262457812,29.3674213015468,88.5883162406413
"17001","2012-06-20",488.166666666667,17,366.875426841374,17.0344875115925,104.256752313701
"17002","2012-06-21",417.166666666667,14.8333333333333,366.859787571967,-35.4969051824714,85.8037842771711
"17003","2012-06-22",434.875,15.0833333333333,366.809673416716,-7.87464490849874,75.9399714917826
"17004","2012-06-23",428.875,14.125,366.660130037721,-4.89330929206062,67.1081792543399
"17005","2012-06-24",463.458333333333,13,366.513440540004,-16.3555809815584,113.300473774887
"17006","2012-06-25",557.166666666667,15.1875,366.544262457812,31.9789509819121,158.643453226943
"17007","2012-06-26",524.958333333333,12.7916666666667,366.513212229502,-1.79108326466337,160.236204368495
"17008","2012-06-27",515.833333333333,11.5208333333333,366.575426841374,-22.1083777852112,171.366284277171
"17009","2012-06-28",530.083333333333,17.4583333333333,366.62508437562,21.5222728997199,141.935976057993
"17010","2012-06-29",542.375,14.5833333333333,366.68410264046,82.1012683335103,93.5896290260292
"17011","2012-06-30",498.208333333333,13.4583333333333,366.761157434981,84.34778659835,47.099389300002
"17012","2012-07-01",484.291666666667,12.4583333333333,366.82907980941,36.5177497046972,80.9448371525597
"17013","2012-07-02",512.791666666667,13.6041666666667,366.981362914433,78.0817146970868,67.7285890551472
"17014","2012-07-03",507.791666666667,19.2708333333333,366.973942823109,46.8480446884838,93.9696791550744
"17015","2012-07-04",465.458333333333,19.6875,367.015267024022,-19.7909393297816,118.234005639093
"17016","2012-07-05",537.625,15.875,367.084330950963,14.0174510811773,156.52321796786
"17017","2012-07-06",554.125,13.6875,367.137184832241,43.8707615834608,143.117053584298
"17018","2012-07-07",471.166666666667,11.75,367.178851498908,13.0576337295796,90.9301814381795
"17019","2012-07-08",454.958333333333,13.125,367.269490768314,2.2679647798073,85.4208777852114
"17020","2012-07-09",452.625,21.2083333333333,367.439696247766,-29.8413959507859,115.02669970302
"17021","2012-07-10",491.25,17.7083333333333,367.447344649593,-43.8754712932519,167.678126643659
"17022","2012-07-11",491.333333333333,13.1666666666667,367.39608894183,-48.4139416128865,172.351186004389
"17023","2012-07-12",505.083333333333,15.1666666666667,367.399399444113,2.7750994830036,134.908834406216
"17024","2012-07-13",495.041666666667,24.6041666666667,367.155449672424,-19.5793525717905,147.465569566034
"17025","2012-07-14",398.166666666667,20.7291666666667,366.918463371054,-72.2311790558085,103.479382351422
"17026","2012-07-15",431.416666666667,17.7083333333333,366.977938256899,-38.8654827087767,103.304211118545
"17027","2012-07-16",520.708333333333,17.9583333333333,367.221545562835,11.3258414921364,142.160946278362
"17028","2012-07-17",540.208333333333,22.5833333333333,367.448714512607,-4.67706946676805,177.436688287495
"17029","2012-07-18",562.666666666667,17.8958333333333,367.548486202104,0.319163409944906,194.799017054618
"17030","2012-07-19",569.875,19.2291666666667,367.495175699821,-3.35692106494116,205.73674536512
"17031","2012-07-20",544.916666666667,14.2916666666667,367.511842366488,-21.3798662704206,198.7846905706
"17032","2012-07-21",479.666666666667,14.9166666666667,367.324856065118,-53.3676516585486,165.709462260098
"17033","2012-07-22",482.041666666667,19,367.18501588247,-22.084090014713,136.94074079891
"17034","2012-07-23",572.875,14.0208333333333,367.306477069684,38.0115150081182,167.557007922198
"17035","2012-07-24",576.25,20.5416666666667,367.429878896168,24.655921400812,184.16419970302
"17036","2012-07-25",584.833333333333,18.7916666666667,367.465267024022,9.62618395788951,207.741882351421
"17037","2012-07-26",551.625,15.5416666666667,367.547344649593,-15.9896836220188,200.067338972426
"17038","2012-07-27",533.791666666667,23.6458333333333,367.579536430415,-27.4897977772697,193.701928013522
"17039","2012-07-28",484.75,17.9375,367.471431407584,-43.3453343069505,160.623902899367
"17040","2012-07-29",502.125,22.0833333333333,367.436728211237,10.8271542775246,123.861117511239
"17041","2012-07-30",562.416666666667,19.7916666666667,367.487527297995,38.2909099852871,156.638229383385
"17042","2012-07-31",519.875,19.4166666666667,367.467664284296,-37.8773548548955,190.2846905706
"17043","2012-08-01",542.625,17.3333333333333,367.595404010323,-46.7185649005578,221.748160890234
"17044","2012-08-02",560.625,16.25,367.800769307127,-40.7596037133429,233.583834406216
"17045","2012-08-03",556.041666666667,20.5416666666667,368.015951955529,-1.51639595078592,189.542110661924
"17046","2012-08-04",537.291666666667,11.7708333333333,368.029878896168,1.27738258802708,167.984405182472
"17047","2012-08-05",441.916666666667,21.8541666666667,368.051682549136,-44.8112589644842,118.676243082015
"17048","2012-08-06",494.416666666667,18.0416666666667,368.126682549136,-3.18100782293163,129.470991940463
"17049","2012-08-07",537.291666666667,14.6458333333333,368.113783005757,58.68017939168,110.49770426923
"17050","2012-08-08",477.25,24.9583333333333,368.06503871352,3.78132094419112,105.403640342289
"17051","2012-08-09",476.833333333333,16.5416666666667,367.991522731784,24.7706474282094,84.0711631733391
"17052","2012-08-10",424.5,22.4583333333333,367.941294421282,-7.89693248046643,64.4556380591842
"17053","2012-08-11",370.75,24.09375,367.848486202104,-37.2350603343473,40.1365741322432
"17054","2012-08-12",362.916666666667,16.4375,367.654536430415,-27.0079484622012,22.2700786984536
"17055","2012-08-13",392.125,26.75,367.642207663291,3.38902642364314,21.0937659130655
"17056","2012-08-14",356.833333333333,20.6041666666667,367.574856065118,-27.3390557681375,16.5975330363526
"17057","2012-08-15",448.458333333333,15.5208333333333,367.558760174707,13.6411953734147,67.2583777852114
"17058","2012-08-16",488.666666666667,24.5416666666667,367.526910859638,-8.12798270877647,129.267738515805
"17059","2012-08-17",395.75,16.8402777777778,367.559901727218,-73.5589187818361,101.749017054618
"17060","2012-08-18",335.916666666667,26.8888888888889,367.57508437562,-94.274443895991,62.6160261870379
"17061","2012-08-19",350.041666666667,18.5833333333333,367.579536430415,-63.7631996037537,46.2253298400061
"17062","2012-08-20",392.458333333333,20.2083333333333,367.71104327973,-34.1709050832059,58.9181951368092
"17063","2012-08-21",416.25,29.9166666666667,367.800997617629,-55.0774119325209,103.526414314892
"17064","2012-08-22",442.458333333333,23.9166666666667,367.948714512606,-8.74550553982692,83.2551243605535
"17065","2012-08-23",445.75,17.9166666666667,368.092892594798,-50.3927658137997,128.049873219001
"17066","2012-08-24",423.5,21.9166666666667,368.260700813976,-28.578211019279,83.8175102053027
"17067","2012-08-25",381.291666666667,31.75,368.291751042287,-30.7147977772696,43.7147134016497
"17068","2012-08-26",382.958333333333,26.7083333333333,368.328737343657,-29.4944781425671,44.1240741322434
"17069","2012-08-27",460.041666666667,22.3958333333333,368.550198530871,11.0895401222738,80.401928013522
"17070","2012-08-28",451.75,28.75,368.735814969227,-14.5904256311512,97.6046106619238
"17071","2012-08-29",456.208333333333,23.6666666666667,368.914239626762,-10.107491841197,97.4015855477684
"17072","2012-08-30",476.875,18.6041666666667,369.129993051419,-35.8836333937083,143.628640342289
"17073","2012-08-31",416.083333333333,27.6666666666667,369.351796704387,-81.8407110192791,128.572247648225
"17074","2012-09-01",338.625,22.0416666666667,369.472801270597,-99.3738160421101,68.5260147715128
"17075","2012-09-02",382.291666666667,25.5,369.546888028588,-50.7574347635713,63.5022134016502
"17076","2012-09-03",437.291666666667,25.2291666666667,369.68102044868,45.4625424053788,22.1481038126086
"17077","2012-09-04",524.333333333333,21.2708333333333,369.787184832241,118.764083501269,35.7820649998233
"17078","2012-09-05",521.583333333333,29.7708333333333,369.92508437562,100.653866606292,51.0043823514213
"17079","2012-09-06",495.833333333333,21.5416666666667,370.016294421282,85.0993574738715,40.7176814381793
"17080","2012-09-07",448.291666666667,23.9791666666667,370.023143736351,57.3291519944198,20.9393709358965
"17081","2012-09-08",305.333333333333,24.75,369.916979352789,-18.0497863617451,-46.533859657711
"17082","2012-09-09",299.125,18.9583333333333,369.93124379591,-8.87415602622781,-61.9320877696822
"17083","2012-09-10",351.791666666667,15.8333333333333,370.158328370061,14.0155402215389,-32.3822019249332
"17084","2012-09-11",387.875,26.0833333333333,370.264949374628,-7.61656470202655,25.2266153273991
"17085","2012-09-12",399.208333333333,25.2916666666667,370.343374032162,-25.5791217796525,54.4440810808237
"17086","2012-09-13",390.916666666667,20.375,370.34120508239,17.8030129235442,2.77244866073269
"17087","2012-09-14",319.458333333333,16.7083333333333,370.255360333532,6.10883484135206,-56.9058618415508
"17088","2012-09-15",286.791666666667,26.125,370.076593210244,-7.34059438239206,-75.9443321611849
"17089","2012-09-16",291.666666666667,24.8333333333333,370.088807822116,7.93046726144354,-86.3526084168927
"17090","2012-09-17",351.083333333333,19.8333333333333,370.247255310701,39.1614033345026,-58.3253253118702
"17091","2012-09-18",324.791666666667,27.1875,370.313579511614,-1.56576561526856,-43.9561472296783
"17092","2012-09-19",328.083333333333,20.1666666666667,370.434355767322,-4.87969255590821,-37.4713298780804
"17093","2012-09-20",345.583333333333,24.5416666666667,370.624081794719,5.42253347148886,-30.4632819328748
"17094","2012-09-21",344,22.0625,370.787323803851,12.8191088139552,-39.6064326178065
"17095","2012-09-22",291.958333333333,17,370.861524717093,-9.90766059243776,-68.9955307913226
"17096","2012-09-23",269.875,25.4375,371.032072662299,-3.32250077508598,-97.8345718872129
"17097","2012-09-24",326.375,29.2083333333333,371.372255310701,30.7826362112152,-75.7798915219159
"17098","2012-09-25",391.166666666667,23.2708333333333,371.483556680564,39.5662549326766,-19.8831449465733
"17099","2012-09-26",365.416666666667,21.2708333333333,371.483784991066,18.1543827865581,-24.221501110957
"17100","2012-09-27",364.083333333333,32.5833333333333,371.423511018463,9.04034169066693,-16.3805193757972
"17101","2012-09-28",356.708333333333,29.5,371.294858050427,2.15558141669453,-16.7421061337883
"17102","2012-09-29",301.416666666667,22.2083333333333,371.139036132618,-5.06450990750602,-64.6578595584454
"17103","2012-09-30",278.958333333333,30.3333333333333,371.006501886043,3.63172296920618,-95.6798915219163
"17104","2012-10-01",320.416666666667,23.9375,370.973511018463,26.1092343847316,-76.6660787365278
"17105","2012-10-02",319.875,19.4583333333333,370.86620508239,0.182065434959554,-51.1732705173497
"17106","2012-10-03",324.75,24.3541666666667,370.77122791344,-2.75800305819098,-43.2632248552494
"17107","2012-10-04",339.791666666667,28.4791666666667,370.714378598372,4.61031885961745,-35.5330307913223
"17108","2012-10-05",304.291666666667,23.1666666666667,370.746684534445,-18.7327176700633,-47.7223001977147
"17109","2012-10-06",284.75,30.5833333333333,370.724766726226,-30.1618843367299,-55.8128823894958
"17110","2012-10-07",278.291666666667,24.9791666666667,370.750794123486,-16.8658797705199,-75.5932476862991
"17111","2012-10-08",316.583333333333,31.625,370.926250744491,8.91682570893209,-63.2597431200898
"17112","2012-10-09",317.041666666667,23.6875,370.948625173714,-7.86365374312265,-46.0433047639247
"17113","2012-10-10",313.166666666667,23.1666666666667,370.974310105221,-9.94835693946953,-47.8592864990847
"17114","2012-10-11",317.958333333333,25.2916666666667,371.056273575541,-7.14367657417324,-45.9542636680347
"17115","2012-10-12",313.416666666667,19.5,371.105702799285,-5.78945282988064,-51.8995833027375
"17116","2012-10-13",288.416666666667,18.625,371.057643438555,-11.8768957522551,-70.7640810196325
"17117","2012-10-14",277.708333333333,26.3541666666667,371.024995036728,-0.220503058191582,-93.0961586452036
"17118","2012-10-15",321.416666666667,24.375,371.143716497915,15.7021567591608,-65.4292065904091
"17119","2012-10-16",325.416666666667,22.8333333333333,371.163807822116,4.7864604121288,-50.5336015675781
"17120","2012-10-17",319.916666666667,27.4166666666667,371.224424260472,2.06779602856682,-53.3755536223723
"17121","2012-10-18",313.208333333333,22.1666666666667,371.24714115545,-10.9473295422094,-47.0914782799072
"17122","2012-10-19",311.125,23.8854166666667,371.255017867778,-10.3018957522549,-49.8281221155234
"17123","2012-10-20",279.041666666667,19.9583333333333,371.201364899742,-22.826382053625,-69.3333161794498
"17124","2012-10-21",280.125,24.0416666666667,371.182072662299,-1.0866560262279,-89.9704166360711
"17125","2012-10-22",352.875,19.8541666666667,371.303533849514,39.3003873527679,-57.7289212022815
"17126","2012-10-23",359.333333333333,24.2916666666667,371.341547548144,15.8060380376994,-27.81425225251
"17127","2012-10-24",367.541666666667,26.375,371.355246178281,15.4732754806217,-19.2868549922353
"17128","2012-10-25",334.833333333333,21.4583333333333,371.216661703395,5.24502205596377,-41.6283504260256
"17129","2012-10-26",322.458333333333,20.375,371.051250744491,0.657978676968469,-49.2508960881263
"17130","2012-10-27",296.958333333333,29.6458333333333,370.979447091523,-9.45292314951553,-64.5681906086742
"17131","2012-10-28",289.791666666667,27.7708333333333,370.915063529879,0.872590549114761,-81.9959874123267
"17132","2012-10-29",330.916666666667,21.0833333333333,371.006958507048,26.9237321016263,-67.0140239420072
"17133","2012-10-30",331.666666666667,NA,371.015748461386,5.62692844865836,-44.976010243377
"17134","2012-10-31",317.375,NA,370.919743895176,-0.714452829880486,-52.8302910652952
"17135","2012-11-01",323.166666666667,NA,370.695999602938,1.90883484135219,-49.4381677776234
"17136","2012-11-02",312.583333333333,NA,370.511410561842,-13.6473295422097,-44.2807476862998
"17137","2012-11-03",278.166666666667,NA,370.205931109788,-22.1736423275972,-69.8656221155234
"17138","2012-11-04",278.541666666667,NA,369.904561246774,-2.64972680248343,-88.7131677776235
"17139","2012-11-05",321.25,NA,369.741547548144,22.2807526495714,-70.7723001977152
"17140","2012-11-06",327.083333333333,NA,369.659926543578,4.0559238824477,-46.6325170926923
"17141","2012-11-07",330.791666666667,NA,369.610953940838,4.24182570893208,-43.0611129831029
"17142","2012-11-08",329.041666666667,NA,369.620885447687,-0.808288446318898,-39.7709303347012
"17143","2012-11-09",316.208333333333,NA,369.576364899742,-11.3058341084195,-42.0621974579895
"17144","2012-11-10",279.5,NA,369.462437959103,-22.3992131038532,-67.5632248552496
"17145","2012-11-11",277.166666666667,NA,369.382529283304,-5.37175876595376,-86.8441038506829
"17146","2012-11-12",339.375,NA,369.470999602938,34.7817800468316,-64.87777964977
"17147","2012-11-13",344.416666666667,NA,369.52020051618,14.7412549326765,-39.8447887821899
"17148","2012-11-14",336.791666666667,NA,369.570999602938,9.62852662217426,-42.4078595584456
"17149","2012-11-15",339.083333333333,NA,369.489835219377,3.8281841564206,-34.2346860424644
"17150","2012-11-16",327.25,NA,369.43218681755,-9.01656470202687,-33.1656221155234
"17151","2012-11-17",294.833333333333,NA,369.309926543578,-20.3115418709771,-54.1650513392677
"17152","2012-11-18",284.708333333333,NA,369.313921977368,-3.69641630020061,-80.9091723438341
"17153","2012-11-19",324.583333333333,NA,369.395428826683,15.8235037911236,-60.6355992844734
"17154","2012-11-20",326.083333333333,NA,369.352734762756,-7.55726104905926,-35.7121403803636
"17155","2012-11-21",319.166666666667,NA,369.316090927139,-9.06411036412743,-41.085313896345
"17156","2012-11-22",262.875,NA,369.172940242208,-30.2331742910681,-76.0647659511399
"17157","2012-11-23",289.166666666667,NA,368.889492753623,11.1882298185212,-90.9110559054776
"17158","2012-11-24",304.416666666667,NA,368.440634306135,12.7301818733159,-76.7541495127837
"17159","2012-11-25",288.583333333333,NA,368.164721064126,4.32732799203706,-83.9087157228297
"17160","2012-11-26",349.75,NA,368.027049831249,16.9108325582469,-35.1878823894959
"17161","2012-11-27",365.708333333333,NA,367.945200516181,-1.17255785271203,-1.0643093301355
"17162","2012-11-28",358.125,NA,367.79417311892,-6.40731812668429,-3.26185499223596
"17163","2012-11-29",345.416666666667,NA,367.682072662299,-9.64556013581688,-12.6198458598153
"17164","2012-11-30",330.416666666667,NA,367.767574945404,-8.98106241892191,-28.3698458598153
"17165","2012-12-01",294.125,NA,367.79611375819,-25.8219870764564,-47.8491266817333
"17166","2012-12-02",285.875,NA,367.72214115545,-8.92495511298591,-72.922186042464
"17167","2012-12-03",328.708333333333,NA,367.787666269605,8.87510196463967,-47.9544349009118
"17168","2012-12-04",326,NA,367.529789557276,-36.4127405011138,-5.11704905616247
"17169","2012-12-05",339.958333333333,NA,367.301935675998,-37.457032738557,10.1134303958922
"17170","2012-12-06",336.208333333333,NA,367.11415028787,-29.2002405011139,-1.70557645342311
"17171","2012-12-07",329.041666666667,NA,366.997255310701,-26.5339163002001,-11.4216723438339
"17172","2012-12-08",303.416666666667,NA,366.801022433989,-38.1817473504285,-25.2026084168932
"17173","2012-12-09",301.375,NA,366.610497319833,-24.040765615269,-41.1947317045644
"17174","2012-12-10",387.666666666667,NA,366.638008735359,27.9641430605301,-6.93548512922163
"17175","2012-12-11",384.958333333333,NA,366.852848918007,6.66859511532442,11.4368893000016
"17176","2012-12-12",371.333333333333,NA,367.130588644034,2.85746497833827,1.34527971096028
"17177","2012-12-13",361.291666666667,NA,367.323396863213,3.539942147288,-9.57167234383351
"17178","2012-12-14",352.375,NA,367.391661703395,0.646220686101003,-15.6628823894962
"17179","2012-12-15",303.291666666667,NA,367.131387730792,-31.7622268024835,-32.077494261642
"17180","2012-12-16",291.708333333333,NA,366.975908278738,-22.303322692895,-52.9642522525098
"17181","2012-12-17",350.166666666667,NA,366.830246178281,13.5862321016263,-30.2498116132403
"17182","2012-12-18",351.583333333333,NA,366.594972205678,2.2127731975163,-17.2244120698617
"17183","2012-12-19",347.75,NA,366.429903712528,-0.264566985132092,-18.4153367273956
"17184","2012-12-20",375.083333333333,NA,366.332529283304,4.93897182765295,3.81183222237612
"17185","2012-12-21",368.541666666667,NA,366.522826086957,-1.48985237325957,3.50869295296968
"17186","2012-12-22",315,NA,366.561753027596,-19.67438433673,-31.8873686908661
"17187","2012-12-23",285.75,NA,366.585040698829,-19.1701605924382,-61.6648801063909
"17188","2012-12-24",319.166666666667,NA,366.672369465952,13.196334841352,-60.7020376406372
"17189","2012-12-25",336.333333333333,NA,366.49520051618,2.10187137103208,-32.2637385538796
"17190","2012-12-26",381.958333333333,NA,366.503077228509,19.1493028778816,-3.69404677305781
"17191","2012-12-27",378.958333333333,NA,366.621912844948,16.8306955719457,-4.49427508356027
"17192","2012-12-28",368.291666666667,NA,366.501250744491,18.610718402996,-16.8203024808199
"17193","2012-12-29",356.125,NA,366.048054397459,22.0826362112151,-32.005690608674
"17194","2012-12-30",331.041666666667,NA,365.58218681755,20.5453645217175,-55.0858846726008
"17195","2012-12-31",346.458333333333,NA,365.261068096089,36.0584923755984,-54.8612271383546
"17196","2013-01-01",342.875,NA,364.84714115545,7.20135767240248,-29.1734988278523
"17197","2013-01-02",390.625,NA,364.473396863212,16.3768142934066,9.77478884338103
"17198","2013-01-03",379.166666666667,NA,364.11814572166,21.5271567591606,-6.47863581415339
"17199","2013-01-04",366.958333333333,NA,363.686524717094,18.7876590422649,-15.5158504260255
"17200","2013-01-05",341.791666666667,NA,363.247826086957,17.0503302751423,-38.5064896954319
"17201","2013-01-06",330.25,NA,363.104675402025,26.0602047043656,-58.9148801063907
"17202","2013-01-07",366.25,NA,363.196570379194,40.5067229692059,-37.4532933483999
"17203","2013-01-08",353.708333333333,NA,363.397369465952,10.6237891792512,-20.3128253118703
"17204","2013-01-09",336.75,NA,363.44017768513,-0.301781597003981,-26.3883960881262
"17205","2013-01-10",343.125,NA,363.454675402025,9.4828645217172,-29.8125399237423
"17206","2013-01-11",323.291666666667,NA,363.278762160016,-35.5799779440356,-4.4071175493132
"17207","2013-01-12",314.958333333333,NA,362.962323803852,-34.2380829668671,-13.7659075036514
"17208","2013-01-13",361.708333333333,NA,362.916890013897,19.6572366678359,-20.8657933484001
"17209","2013-01-14",410.666666666667,NA,362.98915028787,53.0854330148683,-5.40791663607104
"17210","2013-01-15",412.333333333333,NA,362.852049831249,50.1520996815344,-0.670816179450186
"17211","2013-01-16",394.208333333333,NA,362.735383164582,26.9151133801645,4.55783678858631
"17212","2013-01-17",379.25,NA,362.622255310701,-0.997215386958203,17.6249600762574
"17213","2013-01-18",361.708333333333,NA,362.465063529879,11.8106613253702,-12.5673915219161
"17214","2013-01-19",306.583333333333,NA,362.176821520746,-25.302580683762,-30.2909075036514
"17215","2013-01-20",300.166666666667,NA,361.911296406591,-16.7440761175516,-45.0005536223726
"17216","2013-01-21",373.625,NA,361.823967639468,30.8944512797081,-19.093418919176
"17217","2013-01-22",393.958333333333,NA,361.67921878102,31.3933097271965,0.885804825116109
"17218","2013-01-23",369.25,NA,361.383784991066,15.5144284486582,-7.64821343972435
"17219","2013-01-24",387.708333333333,NA,360.978419694262,24.2328645217172,2.4970491173533
"17220","2013-01-25",364.958333333333,NA,360.495086360929,15.2953645217174,-10.8321175493135
"17221","2013-01-26",315.541666666667,NA,359.947597776454,-10.1414505467756,-34.2644805630116
"17222","2013-01-27",307.916666666667,NA,359.455360333532,3.35061566327028,-54.889309330135
"17223","2013-01-28",324.333333333333,NA,359.138237045861,19.1119741107581,-53.9168778232857
"17224","2013-01-29",326.125,NA,358.760611475084,6.47892616555299,-39.1145376406373
"17225","2013-01-30",374.291666666667,NA,358.601022433988,33.3614604121283,-17.6708161794497
"17226","2013-01-31",399.458333333333,NA,358.335953940838,47.502042603909,-6.37966321141372
"17227","2013-02-01",410.166666666667,NA,357.989264443121,49.3253302751422,2.85207194840404
"17228","2013-02-02",336.833333333333,NA,357.595771292436,12.7593485399821,-33.521786499085
"17229","2013-02-03",309.708333333333,NA,357.092460790153,14.423047170119,-61.8071746269388
"17230","2013-02-04",337.25,NA,357.055931109788,23.9983896358726,-43.8043207456601
"17231","2013-02-05",343,NA,356.871798689696,8.01191703313305,-21.8837157228292
"17232","2013-02-06",341.291666666667,NA,356.612095493349,1.73269328884101,-17.0531221155232
"17233","2013-02-07",340.25,NA,356.532529283304,-2.76605100339663,-13.5164782799069
"17234","2013-02-08",344.333333333333,NA,356.399652570975,1.59039876829229,-13.6567180059341
"17235","2013-02-09",333.958333333333,NA,356.299538415724,-6.17957840065708,-16.1616266817336
"17236","2013-02-10",302.625,NA,356.365405995632,-24.8002405011139,-28.9401654945184
"17237","2013-02-11",342.458333333333,NA,356.550451657733,8.15158598290463,-22.2437043073043
"17238","2013-02-12",362.916666666667,NA,356.623967639468,-1.94504643718653,8.23774546438574
"17239","2013-02-13",355.833333333333,NA,356.688579511614,7.2740745673795,-8.1293207456605
"17240","2013-02-14",345.333333333333,NA,356.441090927139,4.53229374546174,-15.6400513392678
"17241","2013-02-15",352.75,NA,356.051364899742,16.5102617819916,-19.8116266817333
"17242","2013-02-16",338.083333333333,NA,355.84017768513,13.1364033345025,-30.8932476862993
"17243","2013-02-17",302.916666666667,NA,355.864721064125,10.8796110970599,-63.8276654945182
"17244","2013-02-18",337.833333333333,NA,356.047940242207,33.7729900924937,-51.9875970013682
"17245","2013-02-19",368.583333333333,NA,356.160269009331,26.0122594988863,-13.5891951748841
"17246","2013-02-20",390,NA,356.265976771888,36.3225334714894,-2.58851024337722
"17247","2013-02-21",384.875,NA,356.326250744491,35.5951932888408,-7.04644403333134
"17248","2013-02-22",380.166666666667,NA,356.401479054993,39.7049535628134,-15.9397659511392
"17249","2013-02-23",347.083333333333,NA,356.463807822116,14.6104900924936,-23.9909645812767
"17250","2013-02-24",315.208333333333,NA,356.623739328965,15.5031841564207,-56.9185901520531
"17251","2013-02-25",365.5,NA,356.947027000198,48.9012435171512,-40.3482705173494
"17252","2013-02-26",385.291666666667,NA,357.044401429422,42.3156270787952,-14.0683618415501
"17253","2013-02-27",390.75,NA,357.162666269605,40.8785836997998,-7.29124996940439
"17254","2013-02-28",392.958333333333,NA,357.328077228509,47.5555814166947,-11.9253253118705
"17255","2013-03-01",402.833333333333,NA,357.474766726226,48.4634581290233,-3.10489152191605
"17256","2013-03-02",357.083333333333,NA,357.660611475084,29.726243517151,-30.3035216589022
"17257","2013-03-03",330.083333333333,NA,357.967917411157,20.7138576724021,-48.5984417502263
"17258","2013-03-04",341.083333333333,NA,358.015520150883,31.4855471701192,-48.4177339876694
"17259","2013-03-05",362.208333333333,NA,357.967917411157,26.5063234258271,-22.2659075036513
"17260","2013-03-06",369.875,NA,357.701364899742,32.7333782203475,-20.5597431200891
"17261","2013-03-07",347.333333333333,NA,357.460269009331,24.5859467134981,-34.7128823894956
"17262","2013-03-08",335,NA,357.270771292436,9.4954215993431,-31.7661928917787
"17263","2013-03-09",289.25,NA,357.19919594997,-10.9591446107025,-56.9900513392673
"17264","2013-03-10",286.95652173913,NA,357.504675402025,10.7945158022414,-81.3426694651361
"17265","2013-03-11",364.625,NA,358.048739328965,49.3156965646,-42.7394358935653
"17266","2013-03-12",352.916666666667,NA,358.42921878102,27.1574649783387,-32.6700170926917
"17267","2013-03-13",350.083333333333,NA,358.696684534445,21.8353188596171,-30.4486700607289
"17268","2013-03-14",335.833333333333,NA,358.896684534445,6.93549009249358,-29.9988412936054
"17269","2013-03-15",311.208333333333,NA,358.839150287869,-8.27912177965271,-39.3516951748838
"17270","2013-03-16",271.125,NA,358.819401429422,-25.2322610490587,-62.4621403803632
"17271","2013-03-17",301.75,NA,358.950451657733,9.51459968153472,-66.7150513392672
"17272","2013-03-18",340.125,NA,359.181501886043,36.0867458002562,-55.1432476862991
"17273","2013-03-19",349.958333333333,NA,359.255816954536,19.3231042477448,-28.6205878689479
"17274","2013-03-20",358.416666666667,NA,359.463008735358,29.1313805034531,-30.177722572144
"17275","2013-03-21",384.041666666667,NA,359.760497319833,41.5314946587038,-17.2503253118697
"17276","2013-03-22",367.25,NA,359.799880881477,36.672533471489,-29.2224143529659
"17277","2013-03-23",331.166666666667,NA,359.64816855271,20.5130015080192,-48.994503394062
"17278","2013-03-24",335.666666666667,NA,359.631387730792,38.0572937454618,-62.0220148095867
"17279","2013-03-25",398.041666666667,NA,359.809926543577,68.8974763938638,-30.665736270774
"17280","2013-03-26",374.875,NA,359.879332936271,27.1571795902107,-12.161512526482
"17281","2013-03-27",360.208333333333,NA,359.781501886043,7.02470242126071,-6.59787097397077
"17282","2013-03-28",328.458333333333,NA,359.803990470518,-3.9974436974606,-27.3482134397244
"17283","2013-03-29",297.416666666667,NA,359.866890013897,-16.5023523732596,-45.9478709739705
"17284","2013-03-30",278,NA,359.769401429422,-21.4251834234881,-60.3442180059341
"17285","2013-03-31",261.166666666667,NA,359.740520150883,-17.1939048846752,-81.3799485995411
"17286","2013-04-01",314.041666666667,NA,359.917917411157,0.874645343635677,-46.7508960881259
"17287","2013-04-02",346.833333333333,NA,360.094287274171,-12.7240418709767,-0.536912069861218
"17288","2013-04-03",337.083333333333,NA,360.297711931705,-10.595274747689,-12.6191038506832
"17289","2013-04-04",327.375,NA,360.525337502481,-3.77860808102218,-29.3717294214592
"17290","2013-04-05",320.125,NA,360.715063529879,12.3895996815351,-52.9796632114138
"17291","2013-04-06",274.958333333333,NA,360.712780424856,2.42333255824724,-88.1777796497702
"17292","2013-04-07",270.416666666667,NA,360.651364899742,11.1013005947769,-101.335998827852
"17293","2013-04-08",316.541666666667,NA,360.735497319833,38.2641430605306,-82.4579737136966
"17294","2013-04-09",323.625,NA,360.738122890609,10.3306384943205,-47.4437613849298
"17295","2013-04-10",322.958333333333,NA,360.754447091523,10.8860608687495,-48.6821746269391
"17296","2013-04-11",338.791666666667,NA,360.795542981934,21.0901704577907,-43.0940467730574
"17297","2013-04-12",329.5,NA,360.835611475084,15.0943371244575,-46.4299485995417
"17298","2013-04-13",287.875,NA,360.769515584673,-2.69869940522329,-70.19581617945
"17299","2013-04-14",275.208333333333,NA,360.707871749057,0.0935951153246037,-85.5931335310486
"17300","2013-04-15",321.5,NA,360.799766726226,27.6536978550507,-66.9534645812765
"17301","2013-04-16",316.875,NA,360.794058963669,9.68149465870368,-53.6005536223724
"17302","2013-04-17",340,NA,360.754675402025,17.0919969418088,-37.8466723438338
"17303","2013-04-18",327.625,NA,360.736867182847,10.171905617608,-43.283772800455
"17304","2013-04-19",328.916666666667,NA,360.726593210244,7.42093529797319,-39.2308618415503
"17305","2013-04-20",285.166666666667,NA,360.641319237641,-3.81159894860201,-71.6630536223724
"17306","2013-04-21",266.5,NA,360.622711931705,2.38822981852087,-96.5109417502263
"17307","2013-04-22",308.166666666667,NA,360.708328370062,28.0123165765123,-80.5539782799068
"17308","2013-04-23",324.333333333333,NA,360.626022433989,12.9145996815348,-49.2072887821903
"17309","2013-04-24",331.833333333333,NA,360.525223347231,8.55335538929728,-37.2452454031949
"17310","2013-04-25",324.083333333333,NA,360.405588644034,-19.1534939257716,-17.1687613849297
"17311","2013-04-26",319.5,NA,360.377506452253,-24.0386537431228,-16.8388527091305
"17312","2013-04-27",293.25,NA,360.286068096089,-6.92592543262032,-60.1101426634686
"17313","2013-04-28",276,NA,360.224424260473,-5.58500077508626,-78.6394234853863
"17314","2013-04-29",336.333333333333,NA,360.294515584673,22.8850334714888,-46.8462157228292
"17315","2013-04-30",350.791666666667,NA,360.280246178281,7.78120927057626,-17.2697887821899
"17316","2013-05-01",341.916666666667,NA,360.277278141751,-11.3451605924375,-7.01545088264646
"17317","2013-05-02",321.791666666667,NA,360.282415128052,-34.6807199531681,-3.81002850821722
"17318","2013-05-03",351.083333333333,NA,360.239378598372,-27.5272382180087,18.3711929529696
"17319","2013-05-04",310.208333333333,NA,360.165862616637,-49.6100578527119,-0.347471430592067
"17320","2013-05-05",287.041666666667,NA,360.182757593806,-48.9497268024836,-24.1913641246553
"17321","2013-05-06",316.708333333333,NA,360.305816954536,-23.7896811403831,-19.8078024808204
"17322","2013-05-07",326.5,NA,360.32419594997,-8.90532040978968,-24.9188755401806
"17323","2013-05-08",323.25,NA,360.345657137185,-2.96844826367078,-34.1272088735141
"17324","2013-05-09",335.833333333333,NA,360.36118225134,7.76385767240231,-32.2917065904094
"17325","2013-05-10",317.333333333333,NA,360.350109191979,-2.19150762440137,-40.825268234245
"17326","2013-05-11",276.916666666667,NA,360.257985904308,-14.8639962088761,-68.477323028765
"17327","2013-05-12",263.875,NA,360.248967639468,-8.73328844631936,-87.6406791931486
"17328","2013-05-13",322.041666666667,NA,360.366890013897,21.9014718276536,-60.2266951748838
"17329","2013-05-14",361.541666666667,NA,360.422255310701,14.7817800468319,-13.6623686908656
"17330","2013-05-15",368.958333333333,NA,360.48515485408,15.0615745673791,-6.58839608812585
"17331","2013-05-16",335.25,NA,360.525337502482,-9.03631356047441,-16.2390239420072
"17332","2013-05-17",346.958333333333,NA,360.498282707961,-4.74173593490383,-8.79821343972418
"17333","2013-05-18",338.625,NA,360.392232479651,-16.5264391312506,-5.24079334839988
"17334","2013-05-19",363.666666666667,NA,360.335383164582,6.4663120103022,-3.13502850821721
"17335","2013-05-20",356.541666666667,NA,360.429104625769,20.5333782203476,-24.4208161794496
"17336","2013-05-21",330.5,NA,360.451935675997,-2.12301447371624,-27.8289212022812
"17337","2013-05-22",331.333333333333,NA,360.493259876911,-1.08191858330548,-28.0780079602723
"17338","2013-05-23",331.625,NA,360.53115942029,-20.5849436974607,-8.32121572282898
"17339","2013-05-24",317.125,NA,360.809355767322,-46.4330030581912,2.74864729086943
"17340","2013-05-25",290.666666666667,NA,360.964835219377,-76.6901377613875,6.39196920867798
"17341","2013-05-26",311.5,NA,361.113807822116,-45.19087977052,-4.42292805159633
"17342","2013-05-27",339.708333333333,NA,361.357529283304,-20.0960738344471,-1.55312211552342
"17343","2013-05-28",379.666666666667,NA,361.404903712527,-9.91074278421883,28.1725057383585
"17344","2013-05-29",395.125,NA,361.444629739925,-22.5839163002005,56.264286560276
"17345","2013-05-30",380.833333333333,NA,361.31415028787,-15.4576035148126,34.9767865602758
"17346","2013-05-31",381.916666666667,NA,361.217460790153,20.6011864395259,0.0980194369882652
"17347","2013-06-01",318.458333333333,NA,361.122597776454,10.2031270787946,-52.8673915219158
"17348","2013-06-02",274.583333333333,NA,361.116890013897,-8.59744369746079,-77.9361129831034
"17349","2013-06-03",329.5,NA,361.236867182847,16.7527846130417,-48.4896517958886
"17350","2013-06-04",337.375,NA,361.261068096089,-42.2787793138991,18.3927112178102
"17351","2013-06-05",337.25,NA,361.295657137185,-36.9399094508856,12.8942523137009
"17352","2013-06-06",327,NA,361.469858050427,-29.8403089942646,-4.62954905616221
"17353","2013-06-07",327.75,NA,361.698853484217,-17.1202747476893,-16.8285787365274
"17354","2013-06-08",305.791666666667,NA,361.894743895176,-31.7926491769128,-24.3104280515957
"17355","2013-06-09",304.666666666667,NA,362.113008735358,-30.9870555696065,-26.4592864990847
"17356","2013-06-10",406.458333333333,NA,362.42419594997,8.56100379112326,35.4731335922395
"17357","2013-06-11",469.375,NA,362.502848918007,42.7638005947768,64.1083504872165
"17358","2013-06-12",492.625,NA,362.565862616637,54.2079786769684,75.8511587063947
"17359","2013-06-13",459.541666666667,NA,362.66917311892,38.6431384943201,58.229355053427
"17360","2013-06-14",439.125,NA,362.768488187413,15.853526622174,60.5029851904128
"17361","2013-06-15",339.041666666667,NA,362.811981338098,-44.1449893595614,20.3746746881303
"17362","2013-06-16",364.5,NA,362.946113758189,-25.1947039714335,26.7485902132441
"17363","2013-06-17",369.916666666667,NA,363.121113758189,-23.5723295422094,30.3678824506869
"17364","2013-06-18",398.583333333333,NA,363.150337502482,-39.924555569607,75.3575514004583
"17365","2013-06-19",424.625,NA,363.177278141751,-27.1405943823923,88.5883162406413
"17366","2013-06-20",452.625,NA,363.175908278737,-14.8076605924381,104.256752313701
"17367","2013-06-21",486.625,NA,363.097483621203,37.7237321016258,85.8037842771711
"17368","2013-06-22",449.083333333333,NA,363.041890013897,10.1014718276531,75.9399714917826
"17369","2013-06-23",437.375,NA,363.146684534445,7.12013621121497,67.1081792543399
"17370","2013-06-24",495.333333333333,NA,363.450451657733,18.5824079007127,113.300473774887
"17371","2013-06-25",492.5,NA,363.608670835815,-29.7521240627577,158.643453226943
"17372","2013-06-26",527.833333333333,NA,363.57921878102,4.01791018381772,160.236204368495
"17373","2013-06-27",559.208333333333,NA,363.506844351797,24.3352047043657,171.366284277171
"17374","2013-06-28",486.041666666667,NA,363.40113658924,-19.2954459805655,141.935976057993
"17375","2013-06-29",376.958333333333,NA,363.24314572166,-79.8744414143559,93.5896290260292
"17376","2013-06-30",328.166666666667,NA,363.188237045861,-82.1209596791956,47.099389300002
"17377","2013-07-01",367.083333333333,NA,363.356958507048,-77.2184623262745,80.9448371525597
"17378","2013-07-02",361.708333333333,NA,363.37214115545,-69.3923968772639,67.7285890551472
"17379","2013-07-03",371.375,NA,NA,NA,93.9696791550744
"17380","2013-07-04",335.791666666667,NA,NA,NA,118.234005639093
"17381","2013-07-05",380.083333333333,NA,NA,NA,156.52321796786
"17382","2013-07-06",394,NA,NA,NA,143.117053584298
"17383","2013-07-07",418.916666666667,NA,NA,NA,90.9301814381795
"17384","2013-07-08",488.5,NA,NA,NA,85.4208777852114
"17385","2013-07-09",525.916666666667,NA,NA,NA,115.02669970302
"17386","2013-07-10",506.875,NA,NA,NA,167.678126643659
"17387","2013-07-11",496.625,NA,NA,NA,172.351186004389
"17388","2013-07-12",440.875,NA,NA,NA,134.908834406216
"17389","2013-07-13",379.541666666667,NA,NA,NA,147.465569566034
"17390","2013-07-14",381.583333333333,NA,NA,NA,103.479382351422
"17391","2013-07-15",457.791666666667,NA,NA,NA,103.304211118545
"17392","2013-07-16",470.666666666667,NA,NA,NA,142.160946278362
"17393","2013-07-17",497.625,NA,NA,NA,177.436688287495
"17394","2013-07-18",521.375,NA,NA,NA,194.799017054618
"17395","2013-07-19",512.5,NA,NA,NA,205.73674536512
"17396","2013-07-20",439.708333333333,NA,NA,NA,198.7846905706
"17397","2013-07-21",382.75,NA,NA,NA,165.709462260098
"17398","2013-07-22",450.166666666667,NA,NA,NA,136.94074079891
"17399","2013-07-23",520.041666666667,NA,NA,NA,167.557007922198
"17400","2013-07-24",468.416666666667,NA,NA,NA,184.16419970302
"17401","2013-07-25",436.875,NA,NA,NA,207.741882351421
"17402","2013-07-26",375.208333333333,NA,NA,NA,200.067338972426
"17403","2013-07-27",333.958333333333,NA,NA,NA,193.701928013522
"17404","2013-07-28",305.083333333333,NA,NA,NA,160.623902899367
"17405","2013-07-29",386.375,NA,NA,NA,123.861117511239
"17406","2013-07-30",424.583333333333,NA,NA,NA,156.638229383385
"17407","2013-07-31",461.625,NA,NA,NA,190.2846905706
"17408","2013-08-01",445.875,NA,NA,NA,221.748160890234
"17409","2013-08-02",434.083333333333,NA,NA,NA,233.583834406216
"17410","2013-08-03",412.416666666667,NA,NA,NA,189.542110661924
"17411","2013-08-04",353.583333333333,NA,NA,NA,167.984405182472
"17412","2013-08-05",428.583333333333,NA,NA,NA,118.676243082015
"17413","2013-08-06",427.208333333333,NA,NA,NA,129.470991940463
"17414","2013-08-07",442.5,NA,NA,NA,110.49770426923
"17415","2013-08-08",448.208333333333,NA,NA,NA,105.403640342289
"17416","2013-08-09",428.333333333333,NA,NA,NA,84.0711631733391
"17417","2013-08-10",387.958333333333,NA,NA,NA,64.4556380591842
"17418","2013-08-11",394.791666666667,NA,NA,NA,40.1365741322432
"17419","2013-08-12",430.458333333333,NA,NA,NA,22.2700786984536
"17420","2013-08-13",418.958333333333,NA,NA,NA,21.0937659130655
"17421","2013-08-14",380.416666666667,NA,NA,NA,16.5975330363526
"17422","2013-08-15",358.125,NA,NA,NA,67.2583777852114
"17423","2013-08-16",346.416666666667,NA,NA,NA,129.267738515805
"17424","2013-08-17",318.666666666667,NA,NA,NA,101.749017054618
"17425","2013-08-18",344.875,NA,NA,NA,62.6160261870379
"17426","2013-08-19",416.916666666667,NA,NA,NA,46.2253298400061
"17427","2013-08-20",433.458333333333,NA,NA,NA,58.9181951368092
"17428","2013-08-21",454.833333333333,NA,NA,NA,103.526414314892
"17429","2013-08-22",464.458333333333,NA,NA,NA,83.2551243605535
"17430","2013-08-23",473.208333333333,NA,NA,NA,128.049873219001
"17431","2013-08-24",446.25,NA,NA,NA,83.8175102053027
"17432","2013-08-25",439.666666666667,NA,NA,NA,43.7147134016497
"17433","2013-08-26",500.958333333333,NA,NA,NA,44.1240741322434
"17434","2013-08-27",495.583333333333,NA,NA,NA,80.401928013522
"17435","2013-08-28",494.916666666667,NA,NA,NA,97.6046106619238
"17436","2013-08-29",516.583333333333,NA,NA,NA,97.4015855477684
"17437","2013-08-30",530.416666666667,NA,NA,NA,143.628640342289
"17438","2013-08-31",483.916666666667,NA,NA,NA,128.572247648225
"17439","2013-09-01",450.791666666667,NA,NA,NA,68.5260147715128
"17440","2013-09-02",399.666666666667,NA,NA,NA,63.5022134016502
"17441","2013-09-03",419.916666666667,NA,NA,NA,22.1481038126086
"17442","2013-09-04",427.041666666667,NA,NA,NA,35.7820649998233
"17443","2013-09-05",433.583333333333,NA,NA,NA,51.0043823514213
"17444","2013-09-06",426.666666666667,NA,NA,NA,40.7176814381793
"17445","2013-09-07",422.166666666667,NA,NA,NA,20.9393709358965
"17446","2013-09-08",416.833333333333,NA,NA,NA,-46.533859657711
"17447","2013-09-09",497.708333333333,NA,NA,NA,-61.9320877696822
"17448","2013-09-10",490.666666666667,NA,NA,NA,-32.3822019249332
"17449","2013-09-11",485.5,NA,NA,NA,25.2266153273991
"17450","2013-09-12",472.208333333333,NA,NA,NA,54.4440810808237
"17451","2013-09-13",369.916666666667,NA,NA,NA,2.77244866073269
"17452","2013-09-14",312.25,NA,NA,NA,-56.9058618415508
"17453","2013-09-15",334.625,NA,NA,NA,-75.9443321611849
"17454","2013-09-16",376,NA,NA,NA,-86.3526084168927
"17455","2013-09-17",378.208333333333,NA,NA,NA,-58.3253253118702
"17456","2013-09-18",400.416666666667,NA,NA,NA,-43.9561472296783
"17457","2013-09-19",436.666666666667,NA,NA,NA,-37.4713298780804
"17458","2013-09-20",359.958333333333,NA,NA,NA,-30.4632819328748
"17459","2013-09-21",288.625,NA,NA,NA,-39.6064326178065
"17460","2013-09-22",285.833333333333,NA,NA,NA,-68.9955307913226
"17461","2013-09-23",335.041666666667,NA,NA,NA,-97.8345718872129
"17462","2013-09-24",351.708333333333,NA,NA,NA,-75.7798915219159
"17463","2013-09-25",355.458333333333,NA,NA,NA,-19.8831449465733
"17464","2013-09-26",373.625,NA,NA,NA,-24.221501110957
"17465","2013-09-27",387.041666666667,NA,NA,NA,-16.3805193757972
"17466","2013-09-28",321.125,NA,NA,NA,-16.7421061337883
"17467","2013-09-29",290.875,NA,NA,NA,-64.6578595584454
"17468","2013-09-30",343.708333333333,NA,NA,NA,-95.6798915219163
"17469","2013-10-01",384.791666666667,NA,NA,NA,-76.6660787365278
"17470","2013-10-02",394.125,NA,NA,NA,-51.1732705173497
"17471","2013-10-03",407.833333333333,NA,NA,NA,-43.2632248552494
"17472","2013-10-04",409.041666666667,NA,NA,NA,-35.5330307913223
"17473","2013-10-05",303.458333333333,NA,NA,NA,-47.7223001977147
"17474","2013-10-06",262.333333333333,NA,NA,NA,-55.8128823894958
"17475","2013-10-07",309,NA,NA,NA,-75.5932476862991
"17476","2013-10-08",317.541666666667,NA,NA,NA,-63.2597431200898
"17477","2013-10-09",323,NA,NA,NA,-46.0433047639247
"17478","2013-10-10",328.166666666667,NA,NA,NA,-47.8592864990847
"17479","2013-10-11",332.583333333333,NA,NA,NA,-45.9542636680347
"17480","2013-10-12",289.291666666667,NA,NA,NA,-51.8995833027375
"17481","2013-10-13",265.916666666667,NA,NA,NA,-70.7640810196325
"17482","2013-10-14",311.25,NA,NA,NA,-93.0961586452036
"17483","2013-10-15",319.333333333333,NA,NA,NA,-65.4292065904091
"17484","2013-10-16",311.041666666667,NA,NA,NA,-50.5336015675781
"17485","2013-10-17",313.416666666667,NA,NA,NA,-53.3755536223723
"17486","2013-10-18",309.458333333333,NA,NA,NA,-47.0914782799072
"17487","2013-10-19",280,NA,NA,NA,-49.8281221155234
"17488","2013-10-20",272.25,NA,NA,NA,-69.3333161794498
"17489","2013-10-21",311.375,NA,NA,NA,-89.9704166360711
"17490","2013-10-22",322.833333333333,NA,NA,NA,-57.7289212022815
"17491","2013-10-23",322.541666666667,NA,NA,NA,-27.81425225251
"17492","2013-10-24",323.875,NA,NA,NA,-19.2868549922353
"17493","2013-10-25",324.583333333333,NA,NA,NA,-41.6283504260256
"17494","2013-10-26",289.083333333333,NA,NA,NA,-49.2508960881263
"17495","2013-10-27",274.458333333333,NA,NA,NA,-64.5681906086742
"17496","2013-10-28",315.375,NA,NA,NA,-81.9959874123267
"17497","2013-10-29",325.708333333333,NA,NA,NA,-67.0140239420072
"17498","2013-10-30",330.583333333333,NA,NA,NA,-44.976010243377
"17499","2013-10-31",319.25,NA,NA,NA,-52.8302910652952
"17500","2013-11-01",307.458333333333,NA,NA,NA,-49.4381677776234
"17501","2013-11-02",285.75,NA,NA,NA,-44.2807476862998
"17502","2013-11-03",284.333333333333,NA,NA,NA,-69.8656221155234
"17503","2013-11-04",323.458333333333,NA,NA,NA,-88.7131677776235
"17504","2013-11-05",327.958333333333,NA,NA,NA,-70.7723001977152
"17505","2013-11-06",334.916666666667,NA,NA,NA,-46.6325170926923
"17506","2013-11-07",336.458333333333,NA,NA,NA,-43.0611129831029
"17507","2013-11-08",325,NA,NA,NA,-39.7709303347012
"17508","2013-11-09",282.583333333333,NA,NA,NA,-42.0621974579895
"17509","2013-11-10",276.208333333333,NA,NA,NA,-67.5632248552496
"17510","2013-11-11",320.208333333333,NA,NA,NA,-86.8441038506829
"17511","2013-11-12",359.583333333333,NA,NA,NA,-64.87777964977
"17512","2013-11-13",367.375,NA,NA,NA,-39.8447887821899
"17513","2013-11-14",351.458333333333,NA,NA,NA,-42.4078595584456
"17514","2013-11-15",329.208333333333,NA,NA,NA,-34.2346860424644
"17515","2013-11-16",288.541666666667,NA,NA,NA,-33.1656221155234
"17516","2013-11-17",274.083333333333,NA,NA,NA,-54.1650513392677
"17517","2013-11-18",318.916666666667,NA,NA,NA,-80.9091723438341
"17518","2013-11-19",332.916666666667,NA,NA,NA,-60.6355992844734
"17519","2013-11-20",341.166666666667,NA,NA,NA,-35.7121403803636
"17520","2013-11-21",333,NA,NA,NA,-41.085313896345
"17521","2013-11-22",364.416666666667,NA,NA,NA,-76.0647659511399
"17522","2013-11-23",345.916666666667,NA,NA,NA,-90.9110559054776
"17523","2013-11-24",358.791666666667,NA,NA,NA,-76.7541495127837
"17524","2013-11-25",377.541666666667,NA,NA,NA,-83.9087157228297
"17525","2013-11-26",367.041666666667,NA,NA,NA,-35.1878823894959
"17526","2013-11-27",380.208333333333,NA,NA,NA,-1.0643093301355
"17527","2013-11-28",310.5,NA,NA,NA,-3.26185499223596
"17528","2013-11-29",310.125,NA,NA,NA,-12.6198458598153
"17529","2013-11-30",295.791666666667,NA,NA,NA,-28.3698458598153
"17530","2013-12-01",292.041666666667,NA,NA,NA,-47.8491266817333
"17531","2013-12-02",329.666666666667,NA,NA,NA,-72.922186042464
"17532","2013-12-03",337.541666666667,NA,NA,NA,-47.9544349009118
"17533","2013-12-04",338.625,NA,NA,NA,-5.11704905616247
"17534","2013-12-05",403.541666666667,NA,NA,NA,10.1134303958922
"17535","2013-12-06",419.791666666667,NA,NA,NA,-1.70557645342311
"17536","2013-12-07",400.541666666667,NA,NA,NA,-11.4216723438339
"17537","2013-12-08",383.083333333333,NA,NA,NA,-25.2026084168932
"17538","2013-12-09",414.958333333333,NA,NA,NA,-41.1947317045644
"17539","2013-12-10",416.375,NA,NA,NA,-6.93548512922163
"17540","2013-12-11",407.958333333333,NA,NA,NA,11.4368893000016
"17541","2013-12-12",409.041666666667,NA,NA,NA,1.34527971096028
"17542","2013-12-13",397.541666666667,NA,NA,NA,-9.57167234383351
"17543","2013-12-14",368.25,NA,NA,NA,-15.6628823894962
"17544","2013-12-15",352.25,NA,NA,NA,-32.077494261642
"17545","2013-12-16",355.583333333333,NA,NA,NA,-52.9642522525098
"17546","2013-12-17",360.833333333333,NA,NA,NA,-30.2498116132403
"17547","2013-12-18",361.416666666667,NA,NA,NA,-17.2244120698617
"17548","2013-12-19",347.25,NA,NA,NA,-18.4153367273956
"17549","2013-12-20",346.458333333333,NA,NA,NA,3.81183222237612
"17550","2013-12-21",348.25,NA,NA,NA,3.50869295296968
"17551","2013-12-22",353.25,NA,NA,NA,-31.8873686908661
"17552","2013-12-23",396.625,NA,NA,NA,-61.6648801063909
"17553","2013-12-24",376.916666666667,NA,NA,NA,-60.7020376406372
"17554","2013-12-25",325.583333333333,NA,NA,NA,-32.2637385538796
"17555","2013-12-26",355.541666666667,NA,NA,NA,-3.69404677305781
"17556","2013-12-27",340.375,NA,NA,NA,-4.49427508356027
"17557","2013-12-28",310.625,NA,NA,NA,-16.8203024808199
"17558","2013-12-29",336.083333333333,NA,NA,NA,-32.005690608674
"17559","2013-12-30",392.625,NA,NA,NA,-55.0858846726008
"17560","2013-12-31",352,NA,NA,NA,-54.8612271383546
